"County","FIPS","URBAN"
"AUTAUGA AL","01001",9400
"BALDWIN AL","01003",31510
"BARBOUR AL","01005",6180
"BIBB AL","01007",4410
"BLOUNT AL","01009",10850
"BULLOCK AL","01011",2480
"BUTLER AL","01013",4560
"CALHOUN AL","01015",23990
"CHAMBERS AL","01017",7760
"CHEROKEE AL","01019",5090
"CHILTON AL","01021",8410
"CHOCTAW AL","01023",3370
"CLARKE AL","01025",5900
"CLAY AL","01027",3020
"CLEBURNE AL","01029",3000
"COFFEE AL","01031",9320
"COLBERT AL","01033",11730
"CONECUH AL","01035",2980
"COOSA AL","01037",2580
"COVINGTON AL","01039",7980
"CRENSHAW AL","01041",2890
"CULLMAN AL","01043",16430
"DALE AL","01045",10430
"DALLAS AL","01047",9830
"DEKALB AL","01049",13690
"ELMORE AL","01051",14130
"ESCAMBIA AL","01053",8140
"ETOWAH AL","01055",22060
"FAYETTE AL","01057",3920
"FRANKLIN AL","01059",6620
"GENEVA AL","01061",5470
"GREENE AL","01063",2120
"HALE AL","01065",3660
"HENRY AL","01067",3460
"HOUSTON AL","01069",19160
"JACKSON AL","01071",11460
"JEFFERSON AL","01073",142300
"LAMAR AL","01075",3370
"LAUDERDALE AL","01077",18730
"LAWRENCE AL","01079",7370
"LEE AL","01081",24700
"LIMESTONE AL","01083",13990
"LOWNDES AL","01085",2850
"MACON AL","01087",5160
"MADISON AL","01089",59400
"MARENGO AL","01091",4770
"MARION AL","01093",6640
"MARSHALL AL","01095",17530
"MOBILE AL","01097",86230
"MONROE AL","01099",5170
"MONTGOMERY AL","01101",47990
"MORGAN AL","01103",23810
"PERRY AL","01105",2510
"PICKENS AL","01107",4440
"PIKE AL","01109",6280
"RANDOLPH AL","01111",4730
"RUSSELL AL","01113",10690
"ST. CLAIR AL","01115",13870
"SHELBY AL","01117",31860
"SUMTER AL","01119",3140
"TALLADEGA AL","01121",17060
"TALLAPOOSA AL","01123",8820
"TUSCALOOSA AL","01125",35420
"WALKER AL","01127",14980
"WASHINGTON AL","01129",3830
"WILCOX AL","01131",2790
"WINSTON AL","01133",5260
"APACHE AZ","04001",3540
"COCHISE AZ","04003",6220
"COCONINO AZ","04005",6120
"GILA AZ","04007",2730
"GRAHAM AZ","04009",1720
"GREENLEE AZ","04011",430
"LA PAZ AZ","04012",1010
"MARICOPA AZ","04013",169580
"MOHAVE AZ","04015",8600
"NAVAJO AZ","04017",5150
"PIMA AZ","04019",45480
"PINAL AZ","04021",9970
"SANTA CRUZ AZ","04023",2090
"YAVAPAI AZ","04025",9320
"YUMA AZ","04027",8570
"ARKANSAS AR","05001",2710
"ASHLEY AR","05003",3160
"BAXTER AR","05005",5070
"BENTON AR","05007",20950
"BOONE AR","05009",4550
"BRADLEY AR","05011",1640
"CALHOUN AR","05013",750
"CARROLL AR","05015",3330
"CHICOT AR","05017",1850
"CLARK AR","05019",3090
"CLAY AR","05021",2300
"CLEBURNE AR","05023",3170
"CLEVELAND AR","05025",1120
"COLUMBIA AR","05027",3350
"CONWAY AR","05029",2660
"CRAIGHEAD AR","05031",10960
"CRAWFORD AR","05033",7050
"CRITTENDEN AR","05035",6870
"CROSS AR","05037",2570
"DALLAS AR","05039",1200
"DESHA AR","05041",2020
"DREW AR","05043",2480
"FAULKNER AR","05045",11630
"FRANKLIN AR","05047",2330
"FULTON AR","05049",1520
"GARLAND AR","05051",11560
"GRANT AR","05053",2150
"GREENE AR","05055",5040
"HEMPSTEAD AR","05057",3090
"HOT SPRING AR","05059",3960
"HOWARD AR","05061",1880
"INDEPENDENCE AR","05063",4470
"IZARD AR","05065",1740
"JACKSON AR","05067",2420
"JEFFERSON AR","05069",11080
"JOHNSON AR","05071",2990
"LAFAYETTE AR","05073",1120
"LAWRENCE AR","05075",2330
"LEE AR","05077",1660
"LINCOLN AR","05079",1900
"LITTLE RIVER AR","05081",1780
"LOGAN AR","05083",2940
"LONOKE AR","05085",7180
"MADISON AR","05087",1860
"MARION AR","05089",2260
"MILLER AR","05091",5410
"MISSISSIPPI AR","05093",6810
"MONROE AR","05095",1350
"MONTGOMERY AR","05097",1200
"NEVADA AR","05099",1300
"NEWTON AR","05101",1120
"OUACHITA AR","05103",3760
"PERRY AR","05105",1330
"PHILLIPS AR","05107",3450
"PIKE AR","05109",1470
"POINSETT AR","05111",3390
"POLK AR","05113",2650
"POPE AR","05115",7190
"PRAIRIE AR","05117",1250
"PULASKI AR","05119",48100
"RANDOLPH AR","05121",2400
"ST. FRANCIS AR","05123",3850
"SALINE AR","05125",11250
"SCOTT AR","05127",1440
"SEARCY AR","05129",1080
"SEBASTIAN AR","05131",15270
"SEVIER AR","05133",2060
"SHARP AR","05135",2230
"STONE AR","05137",1510
"UNION AR","05139",5950
"VAN BUREN AR","05141",2110
"WASHINGTON AR","05143",21590
"WHITE AR","05145",8840
"WOODRUFF AR","05147",1140
"YELL AR","05149",2770
"ALAMEDA CA","06001",116670
"ALPINE CA","06003",110
"AMADOR CA","06005",2900
"BUTTE CA","06007",16640
"CALAVERAS CA","06009",3410
"COLUSA CA","06011",1520
"CONTRA COSTA CA","06013",77650
"DEL NORTE CA","06015",2210
"EL DORADO CA","06017",13060
"FRESNO CA","06019",65060
"GLENN CA","06021",2130
"HUMBOLDT CA","06023",10280
"IMPERIAL CA","06025",11630
"INYO CA","06027",1440
"KERN CA","06029",54040
"KINGS CA","06031",10520
"LAKE CA","06033",4710
"LASSEN CA","06035",2740
"LOS ANGELES CA","06037",764610
"MADERA CA","06039",10070
"MARIN CA","06041",19940
"MARIPOSA CA","06043",1400
"MENDOCINO CA","06045",7000
"MERCED CA","06047",17370
"MODOC CA","06049",750
"MONO CA","06051",1090
"MONTEREY CA","06053",32730
"NAPA CA","06055",10150
"NEVADA CA","06057",7670
"ORANGE CA","06059",230810
"PLACER CA","06061",22020
"PLUMAS CA","06063",1740
"RIVERSIDE CA","06065",129110
"SACRAMENTO CA","06067",100470
"SAN BENITO CA","06069",4470
"SAN BERNARDINO CA","06071",138960
"SAN DIEGO CA","06073",229330
"SAN FRANCIS CA","06075",62400
"SAN JOAQUIN CA","06077",47210
"SAN LUIS OBISPO CA","06079",20350
"SAN MATEO CA","06081",57070
"SANTA BARBARA CA","06083",32210
"SANTA CLARA CA","06085",136010
"SANTA CRUZ CA","06087",20590
"SHASTA CA","06089",13380
"SIERRA CA","06091",290
"SISKIYOU CA","06093",3600
"SOLANO CA","06095",32370
"SONOMA CA","06097",37510
"STANISLAUS CA","06099",36870
"SUTTER CA","06101",6400
"TEHAMA CA","06103",4540
"TRINITY CA","06105",1050
"TULARE CA","06107",30030
"TUOLUMNE CA","06109",4470
"VENTURA CA","06111",61500
"YOLO CA","06113",13920
"YUBA CA","06115",4840
"ADAMS CO","08001",23480
"ALAMOSA CO","08003",920
"ARAPAHOE CO","08005",31700
"ARCHULETA CO","08007",750
"BACA CO","08009",280
"BENT CO","08011",370
"BOULDER CO","08013",18630
"CHAFFEE CO","08015",1070
"CHEYENNE CO","08017",140
"CLEAR CREEK CO","08019",590
"CONEJOS CO","08021",590
"COSTILLA CO","08023",220
"CROWLEY CO","08025",340
"CUSTER CO","08027",270
"DELTA CO","08029",1720
"DENVER CO","08031",34340
"DOLORES CO","08033",110
"DOUGLAS CO","08035",12780
"EAGLE CO","08037",2730
"EL PASO CO","08039",33440
"ELBERT CO","08041",1330
"FREMONT CO","08043",2940
"GARFIELD CO","08045",2880
"GILPIN CO","08047",320
"GRAND CO","08049",920
"GUNNISON CO","08051",940
"HINSDALE CO","08053",50
"HUERFANO CO","08055",510
"JACKSON CO","08057",110
"JEFFERSON CO","08059",32730
"KIOWA CO","08061",100
"KIT CARSON CO","08063",490
"LA PLATA CO","08065",2820
"LAKE CO","08067",500
"LARIMER CO","08069",16400
"LAS ANIMAS CO","08071",950
"LINCOLN CO","08073",370
"LOGAN CO","08075",1270
"MESA CO","08077",7500
"MINERAL CO","08079",60
"MOFFAT CO","08081",810
"MONTEZUMA CO","08083",1450
"MONTROSE CO","08085",2140
"MORGAN CO","08087",1690
"OTERO CO","08089",1240
"OURAY CO","08091",250
"PARK CO","08093",1060
"PHILLIPS CO","08095",270
"PITKIN CO","08097",990
"PROWERS CO","08099",880
"PUEBLO CO","08101",8970
"RIO BLANCO CO","08103",370
"RIO GRANDE CO","08105",800
"ROUTT CO","08107",1340
"SAGUACHE CO","08109",410
"SAN JUAN CO","08111",40
"SAN MIGUEL CO","08113",450
"SEDGWICK CO","08115",170
"SUMMIT CO","08117",1630
"TELLER CO","08119",1390
"WASHINGTON CO","08121",300
"WELD CO","08123",12600
"YUMA CO","08125",600
"FAIRFIELD CT","09001",36150
"HARTFORD CT","09003",35050
"LITCHFIELD CT","09005",7640
"MIDDLESEX CT","09007",6600
"NEW HAVEN CT","09009",33750
"NEW LONDON CT","09011",10760
"TOLLAND CT","09013",5800
"WINDHAM CT","09015",4540
"KENT DE","10001",11000
"NEW CASTLE DE","10003",42110
"SUSSEX DE","10005",13930
"ALACHUA FL","12001",23670
"BAKER FL","12003",2390
"BAY FL","12005",16140
"BRADFORD FL","12007",2740
"BREVARD FL","12009",52350
"BROWARD FL","12011",176130
"CALHOUN FL","12013",1360
"CHARLOTTE FL","12015",15800
"CITRUS FL","12017",13210
"CLAY FL","12019",15850
"COLLIER FL","12021",30630
"COLUMBIA FL","12023",6080
"DESOTO FL","12027",3380
"DIXIE FL","12029",1470
"DUVAL FL","12031",84090
"ESCAMBIA FL","12033",31570
"FLAGLER FL","12035",6350
"FRANKLIN FL","12037",1250
"GADSDEN FL","12039",4720
"GILCHRIST FL","12041",1550
"GLADES FL","12043",1110
"GULF FL","12045",1540
"HAMILTON FL","12047",1400
"HARDEE FL","12049",2820
"HENDRY FL","12051",3800
"HERNANDO FL","12053",14540
"HIGHLANDS FL","12055",9390
"HILLSBOROUGH FL","12057",110660
"HOLMES FL","12059",1950
"INDIAN RIVER FL","12061",12960
"JACKSON FL","12063",5010
"JEFFERSON FL","12065",1390
"LAFAYETTE FL","12067",750
"LAKE FL","12069",25410
"LEE FL","12071",51130
"LEON FL","12073",26110
"LEVY FL","12075",3670
"LIBERTY FL","12077",730
"MADISON FL","12079",1970
"MANATEE FL","12081",29890
"MARION FL","12083",28740
"MARTIN FL","12085",14070
"MIAMI-DADE FL","12086",239360
"MONROE FL","12087",8370
"NASSAU FL","12089",6530
"OKALOOSA FL","12091",18630
"OKEECHOBEE FL","12093",3810
"ORANGE FL","12095",98990
"OSCEOLA FL","12097",21050
"PALM BEACH FL","12099",123620
"PASCO FL","12101",38330
"PINELLAS FL","12103",96810
"POLK FL","12105",53330
"PUTNAM FL","12107",7410
"ST. JOHNS FL","12109",14650
"ST. LUCIE FL","12111",21480
"SANTA ROSA FL","12113",13060
"SARASOTA FL","12115",36450
"SEMINOLE FL","12117",40370
"SUMTER FL","12119",7180
"SUWANNEE FL","12121",3700
"TAYLOR FL","12123",2020
"UNION FL","12125",1410
"VOLUSIA FL","12127",48550
"WAKULLA FL","12129",2700
"WALTON FL","12131",5140
"WASHINGTON FL","12133",2230
"APPLING GA","13001",1530
"ATKINSON GA","13003",670
"BACON GA","13005",890
"BAKER GA","13007",360
"BALDWIN GA","13009",4030
"BANKS GA","13011",1380
"BARROW GA","13013",4800
"BARTOW GA","13015",7780
"BEN HILL GA","13017",1560
"BERRIEN GA","13019",1440
"BIBB GA","13021",14040
"BLECKLEY GA","13023",1060
"BRANTLEY GA","13025",1280
"BROOKS GA","13027",1480
"BRYAN GA","13029",2350
"BULLOCH GA","13031",5210
"BURKE GA","13033",1980
"BUTTS GA","13035",1960
"CALHOUN GA","13037",560
"CAMDEN GA","13039",4240
"CANDLER GA","13043",840
"CARROLL GA","13045",9170
"CATOOSA GA","13047",5060
"CHARLTON GA","13049",920
"CHATHAM GA","13051",21630
"CHATTAHOOCHEE GA","13053",1310
"CHATTOOGA GA","13055",2240
"CHEROKEE GA","13057",15240
"CLARKE GA","13059",9490
"CLAY GA","13061",290
"CLAYTON GA","13063",23080
"CLINCH GA","13065",600
"COBB GA","13067",58420
"COFFEE GA","13069",3390
"COLQUITT GA","13071",3690
"COLUMBIA GA","13073",8660
"COOK GA","13075",1410
"COWETA GA","13077",8930
"CRAWFORD GA","13079",1150
"CRISP GA","13081",1990
"DADE GA","13083",1340
"DAWSON GA","13085",1650
"DEKALB GA","13087",62670
"DECATUR GA","13089",2550
"DODGE GA","13091",1720
"DOOLY GA","13093",1010
"DOUGHERTY GA","13095",8640
"DOUGLAS GA","13097",8870
"EARLY GA","13099",1090
"ECHOLS GA","13101",330
"EFFINGHAM GA","13103",3660
"ELBERT GA","13105",1800
"EMANUEL GA","13107",1910
"EVANS GA","13109",930
"FANNIN GA","13111",2440
"FAYETTE GA","13113",8830
"FLOYD GA","13115",8230
"FORSYTH GA","13117",11500
"FRANKLIN GA","13119",1800
"FULTON GA","13121",76350
"GILMER GA","13123",2490
"GLASCOCK GA","13125",220
"GLYNN GA","13127",6420
"GORDON GA","13129",4250
"GRADY GA","13131",2130
"GREENE GA","13133",1430
"GWINNETT GA","13135",60410
"HABERSHAM GA","13137",3480
"HALL GA","13139",13790
"HANCOCK GA","13141",920
"HARALSON GA","13143",2340
"HARRIS GA","13145",2340
"HART GA","13147",2020
"HEARD GA","13149",1010
"HENRY GA","13151",13670
"HOUSTON GA","13153",10810
"IRWIN GA","13155",870
"JACKSON GA","13157",4350
"JASPER GA","13159",1140
"JEFF DAVIS GA","13161",1110
"JEFFERSON GA","13163",1540
"JENKINS GA","13165",750
"JOHNSON GA","13167",750
"JONES GA","13169",2270
"LAMAR GA","13171",1460
"LANIER GA","13173",660
"LAURENS GA","13175",3970
"LEE GA","13177",2420
"LIBERTY GA","13179",5570
"LINCOLN GA","13181",770
"LONG GA","13183",900
"LOWNDES GA","13185",8630
"LUMPKIN GA","13187",2150
"MCDUFFIE GA","13189",1910
"MCINTOSH GA","13191",1030
"MACON GA","13193",1250
"MADISON GA","13195",2390
"MARION GA","13197",630
"MERIWETHER GA","13199",2110
"MILLER GA","13201",560
"MITCHELL GA","13205",2170
"MONROE GA","13207",2040
"MONTGOMERY GA","13209",760
"MORGAN GA","13211",1510
"MURRAY GA","13213",3380
"MUSCOGEE GA","13215",16940
"NEWTON GA","13217",6880
"OCONEE GA","13219",2510
"OGLETHORPE GA","13221",1110
"PAULDING GA","13223",9270
"PEACH GA","13225",2180
"PICKENS GA","13227",2380
"PIERCE GA","13229",1430
"PIKE GA","13231",1390
"POLK GA","13233",3570
"PULASKI GA","13235",900
"PUTNAM GA","13237",1810
"QUITMAN GA","13239",230
"RABUN GA","13241",1570
"RANDOLPH GA","13243",680
"RICHMOND GA","13245",17950
"ROCKDALE GA","13247",6640
"SCHLEY GA","13249",330
"SCREVEN GA","13251",1350
"SEMINOLE GA","13253",820
"SPALDING GA","13255",5490
"STEPHENS GA","13257",2310
"STEWART GA","13259",460
"SUMTER GA","13261",2960
"TALBOT GA","13263",570
"TALIAFERRO GA","13265",180
"TATTNALL GA","13267",1960
"TAYLOR GA","13269",780
"TELFAIR GA","13271",1030
"TERRELL GA","13273",1000
"THOMAS GA","13275",3910
"TIFT GA","13277",3470
"TOOMBS GA","13279",2300
"TOWNS GA","13281",980
"TREUTLEN GA","13283",600
"TROUP GA","13285",5510
"TURNER GA","13287",830
"TWIGGS GA","13289",950
"UNION GA","13291",1870
"UPSON GA","13293",2540
"WALKER GA","13295",5620
"WALTON GA","13297",6390
"WARE GA","13299",3170
"WARREN GA","13301",560
"WASHINGTON GA","13303",1870
"WAYNE GA","13305",2340
"WEBSTER GA","13307",210
"WHEELER GA","13309",540
"WHITE GA","13311",2020
"WHITFIELD GA","13313",7790
"WILCOX GA","13315",750
"WILKES GA","13317",950
"WILKINSON GA","13319",900
"WORTH GA","13321",1960
"ADA ID","16001",36990
"ADAMS ID","16003",430
"BANNOCK ID","16005",9000
"BEAR LAKE ID","16007",790
"BENEWAH ID","16009",1090
"BINGHAM ID","16011",4960
"BLAINE ID","16013",2360
"BOISE ID","16015",820
"BONNER ID","16017",4350
"BONNEVILLE ID","16019",9940
"BOUNDARY ID","16021",1180
"BUTTE ID","16023",340
"CAMAS ID","16025",120
"CANYON ID","16027",16300
"CARIBOU ID","16029",870
"CASSIA ID","16031",2540
"CLARK ID","16033",120
"CLEARWATER ID","16035",1060
"CUSTER ID","16037",510
"ELMORE ID","16039",3500
"FRANKLIN ID","16041",1370
"FREMONT ID","16043",1430
"GEM ID","16045",1830
"GOODING ID","16047",1700
"IDAHO ID","16049",1830
"JEFFERSON ID","16051",2300
"JEROME ID","16053",2180
"KOOTENAI ID","16055",13260
"LATAH ID","16057",4160
"LEMHI ID","16059",940
"LEWIS ID","16061",440
"LINCOLN ID","16063",480
"MADISON ID","16065",3270
"MINIDOKA ID","16067",2390
"NEZ PERCE ID","16069",4450
"ONEIDA ID","16071",500
"OWYHEE ID","16073",1270
"PAYETTE ID","16075",2470
"POWER ID","16077",890
"SHOSHONE ID","16079",1630
"TETON ID","16081",780
"TWIN FALLS ID","16083",7690
"VALLEY ID","16085",970
"WASHINGTON ID","16087",1180
"ADAMS IL","17001",3650
"ALEXANDER IL","17003",500
"BOND IL","17005",990
"BOONE IL","17007",2550
"BROWN IL","17009",370
"BUREAU IL","17011",1930
"CALHOUN IL","17013",280
"CARROLL IL","17015",940
"CASS IL","17017",730
"CHAMPAIGN IL","17019",10170
"CHRISTIAN IL","17021",1940
"CLARK IL","17023",900
"CLAY IL","17025",770
"CLINTON IL","17027",1950
"COLES IL","17029",2850
"COOK IL","17031",289280
"CRAWFORD IL","17033",1080
"CUMBERLAND IL","17035",600
"DEKALB IL","17037",5070
"DEWITT IL","17039",930
"DOUGLAS IL","17041",1080
"DUPAGE IL","17043",50910
"EDGAR IL","17045",1070
"EDWARDS IL","17047",370
"EFFINGHAM IL","17049",1850
"FAYETTE IL","17051",1150
"FORD IL","17053",780
"FRANKLIN IL","17055",2070
"FULTON IL","17057",2080
"GALLATIN IL","17059",340
"GREENE IL","17061",780
"GRUNDY IL","17063",2160
"HAMILTON IL","17065",450
"HANCOCK IL","17067",1070
"HARDIN IL","17069",250
"HENDERSON IL","17071",450
"HENRY IL","17073",2770
"IROQUOIS IL","17075",1710
"JACKSON IL","17077",3190
"JASPER IL","17079",530
"JEFFERSON IL","17081",2150
"JERSEY IL","17083",1240
"JO DAVIESS IL","17085",1300
"JOHNSON IL","17087",670
"KANE IL","17089",26050
"KANKAKEE IL","17091",5780
"KENDALL IL","17093",3670
"KNOX IL","17095",3040
"LA SALLE IL","17097",6230
"LAKE IL","17099",37280
"LAWRENCE IL","17101",810
"LEE IL","17103",1990
"LIVINGSTON IL","17105",2170
"LOGAN IL","17107",1660
"MCDONOUGH IL","17109",1790
"MCHENRY IL","17111",17010
"MCLEAN IL","17113",8620
"MACON IL","17115",6290
"MACOUPIN IL","17117",2620
"MADISON IL","17119",14570
"MARION IL","17121",2200
"MARSHALL IL","17123",710
"MASON IL","17125",860
"MASSAC IL","17127",800
"MENARD IL","17129",730
"MERCER IL","17131",930
"MONROE IL","17133",1710
"MONTGOMERY IL","17135",1620
"MORGAN IL","17137",1930
"MOULTRIE IL","17139",790
"OGLE IL","17141",2880
"PEORIA IL","17143",10330
"PERRY IL","17145",1210
"PIATT IL","17147",930
"PIKE IL","17149",960
"POPE IL","17151",230
"PULASKI IL","17153",390
"PUTNAM IL","17155",360
"RANDOLPH IL","17157",1830
"RICHLAND IL","17159",870
"ROCK ISLAND IL","17161",8040
"ST. CLAIR IL","17163",14400
"SALINE IL","17165",1400
"SANGAMON IL","17167",10640
"SCHUYLER IL","17169",380
"SCOTT IL","17171",290
"SHELBY IL","17173",1250
"STARK IL","17175",350
"STEPHENSON IL","17177",2670
"TAZEWELL IL","17179",7150
"UNION IL","17181",1010
"VERMILION IL","17183",4460
"WABASH IL","17185",690
"WARREN IL","17187",1020
"WASHINGTON IL","17189",860
"WAYNE IL","17191",920
"WHITE IL","17193",810
"WHITESIDE IL","17195",3310
"WILL IL","17197",33090
"WILLIAMSON IL","17199",3350
"WINNEBAGO IL","17201",15690
"WOODFORD IL","17203",2020
"ADAMS IN","18001",2520
"ALLEN IN","18003",25540
"BARTHOLOMEW IN","18005",5340
"BENTON IN","18007",700
"BLACKFORD IN","18009",1060
"BOONE IN","18011",3820
"BROWN IN","18013",1210
"CARROLL IN","18015",1540
"CASS IN","18017",3030
"CLARK IN","18019",7690
"CLAY IN","18021",1970
"CLINTON IN","18023",2510
"CRAWFORD IN","18025",780
"DAVIESS IN","18027",2160
"DEKALB IN","18029",3090
"DEARBORN IN","18031",3670
"DECATUR IN","18033",1860
"DELAWARE IN","18035",8840
"DUBOIS IN","18037",3070
"ELKHART IN","18039",14160
"FAYETTE IN","18041",1930
"FLOYD IN","18043",5470
"FOUNTAIN IN","18045",1300
"FRANKLIN IN","18047",1680
"FULTON IN","18049",1500
"GIBSON IN","18051",2410
"GRANT IN","18053",5490
"GREENE IN","18055",2380
"HAMILTON IN","18057",16930
"HANCOCK IN","18059",4620
"HARRISON IN","18061",2670
"HENDRICKS IN","18063",9280
"HENRY IN","18065",3670
"HOWARD IN","18067",6490
"HUNTINGTON IN","18069",2890
"JACKSON IN","18071",3140
"JASPER IN","18073",2410
"JAY IN","18075",1630
"JEFFERSON IN","18077",2440
"JENNINGS IN","18079",2190
"JOHNSON IN","18081",9750
"KNOX IN","18083",2870
"KOSCIUSKO IN","18085",5730
"LAPORTE IN","18087",8330
"LAGRANGE IN","18089",2720
"LAKE IN","18091",36480
"LAWRENCE IN","18093",3340
"MADISON IN","18095",9920
"MARION IN","18097",66200
"MARSHALL IN","18099",3490
"MARTIN IN","18101",750
"MIAMI IN","18103",2710
"MONROE IN","18105",9190
"MONTGOMERY IN","18107",2820
"MORGAN IN","18109",5320
"NEWTON IN","18111",1140
"NOBLE IN","18113",3550
"OHIO IN","18115",430
"ORANGE IN","18117",1390
"OWEN IN","18119",1570
"PARKE IN","18121",1280
"PERRY IN","18123",1410
"PIKE IN","18125",990
"PORTER IN","18127",11480
"POSEY IN","18129",2040
"PULASKI IN","18131",1060
"PUTNAM IN","18133",2630
"RANDOLPH IN","18135",2030
"RIPLEY IN","18137",2080
"RUSH IN","18139",1390
"ST. JOSEPH IN","18141",1800
"SCOTT IN","18143",3270
"SHELBY IN","18145",1610
"SPENCER IN","18147",20230
"STARKE IN","18149",1800
"STEUBEN IN","18151",2640
"SULLIVAN IN","18153",1580
"SWITZERLAND IN","18155",770
"TIPPECANOE IN","18157",11790
"TIPTON IN","18159",1240
"UNION IN","18161",570
"VANDERBURGH IN","18163",13070
"VERMILLION IN","18165",1250
"VIGO IN","18167",7890
"WABASH IN","18169",2600
"WARREN IN","18171",670
"WARRICK IN","18173",4160
"WASHINGTON IN","18175",1990
"WAYNE IN","18177",5250
"WELLS IN","18179",2100
"WHITE IN","18181",1940
"WHITLEY IN","18183",2420
"ADAIR IA","19001",420
"ADAMS IA","19003",210
"ALLAMAKEE IA","19005",750
"APPANOOSE IA","19007",660
"AUDUBON IA","19009",320
"BENTON IA","19011",1270
"BLACK HAWK IA","19013",6280
"BOONE IA","19015",1280
"BREMER IA","19017",1210
"BUCHANAN IA","19019",1020
"BUENA VISTA IA","19021",970
"BUTLER IA","19023",740
"CALHOUN IA","19025",530
"CARROLL IA","19027",1040
"CASS IA","19029",720
"CEDAR IA","19031",920
"CERRO GORDO IA","19033",2240
"CHEROKEE IA","19035",630
"CHICKASAW IA","19037",620
"CLARKE IA","19039",450
"CLAY IA","19041",860
"CLAYTON IA","19043",940
"CLINTON IA","19045",2460
"CRAWFORD IA","19047",820
"DALLAS IA","19049",2160
"DAVIS IA","19051",410
"DECATUR IA","19053",410
"DELAWARE IA","19055",880
"DES MOINES IA","19057",2020
"DICKINSON IA","19059",890
"DUBUQUE IA","19061",4450
"EMMET IA","19063",540
"FAYETTE IA","19065",1060
"FLOYD IA","19067",800
"FRANKLIN IA","19069",510
"FREMONT IA","19071",400
"GREENE IA","19073",500
"GRUNDY IA","19075",620
"GUTHRIE IA","19077",590
"HAMILTON IA","19079",800
"HANCOCK IA","19081",600
"HARDIN IA","19083",900
"HARRISON IA","19085",800
"HENRY IA","19087",1000
"HOWARD IA","19089",480
"HUMBOLDT IA","19091",520
"IDA IA","19093",370
"IOWA IA","19095",760
"JACKSON IA","19097",1000
"JASPER IA","19099",1810
"JEFFERSON IA","19101",770
"JOHNSON IA","19103",5930
"JONES IA","19105",980
"KEOKUK IA","19107",550
"KOSSUTH IA","19109",810
"LEE IA","19111",1800
"LINN IA","19113",10090
"LOUISA IA","19115",590
"LUCAS IA","19117",440
"LYON IA","19119",570
"MADISON IA","19121",750
"MAHASKA IA","19123",1070
"MARION IA","19125",1700
"MARSHALL IA","19127",1890
"MILLS IA","19129",690
"MITCHELL IA","19131",510
"MONONA IA","19133",500
"MONROE IA","19135",380
"MONTGOMERY IA","19137",560
"MUSCATINE IA","19139",2060
"O'BRIEN IA","19141",730
"OSCEOLA IA","19143",330
"PAGE IA","19145",810
"PALO ALTO IA","19147",490
"PLYMOUTH IA","19149",1260
"POCAHONTAS IA","19151",400
"POLK IA","19153",19660
"POTTAWATTAMIE IA","19155",4520
"POWESHIEK IA","19157",950
"RINGGOLD IA","19159",260
"SAC IA","19161",550
"SCOTT IA","19163",7970
"SHELBY IA","19165",640
"SIOUX IA","19167",1570
"STORY IA","19169",4130
"TAMA IA","19171",890
"TAYLOR IA","19173",330
"UNION IA","19175",590
"VAN BUREN IA","19177",370
"WAPELLO IA","19179",1740
"WARREN IA","19181",2130
"WASHINGTON IA","19183",1020
"WAYNE IA","19185",320
"WEBSTER IA","19187",1960
"WINNEBAGO IA","19189",570
"WINNESHIEK IA","19191",1030
"WOODBURY IA","19193",5040
"WORTH IA","19195",380
"WRIGHT IA","19197",680
"ALLEN KS","20001",4920
"ANDERSON KS","20003",2770
"ATCHISON KS","20005",5730
"BARBER KS","20007",1810
"BARTON KS","20009",9640
"BOURBON KS","20011",5260
"BROWN KS","20013",3680
"BUTLER KS","20015",20730
"CHASE KS","20017",1030
"CHAUTAUQUA KS","20019",1490
"CHEROKEE KS","20021",7730
"CHEYENNE KS","20023",1080
"CLARK KS","20025",820
"CLAY KS","20027",3030
"CLOUD KS","20029",3500
"COFFEY KS","20031",3060
"COMANCHE KS","20033",670
"COWLEY KS","20035",12430
"CRAWFORD KS","20037",13150
"DECATUR KS","20039",1180
"DICKINSON KS","20041",6650
"DONIPHAN KS","20043",2830
"DOUGLAS KS","20045",34700
"EDWARDS KS","20047",1180
"ELK KS","20049",1110
"ELLIS KS","20051",9420
"ELLSWORTH KS","20053",2240
"FINNEY KS","20055",13870
"FORD KS","20057",11140
"FRANKLIN KS","20059",8600
"GEARY KS","20061",9580
"GOVE KS","20063",1050
"GRAHAM KS","20065",1010
"GRANT KS","20067",2710
"GRAY KS","20069",2020
"GREELEY KS","20071",520
"GREENWOOD KS","20073",2620
"HAMILTON KS","20075",910
"HARPER KS","20077",2240
"HARVEY KS","20079",11340
"HASKELL KS","20081",1470
"HODGEMAN KS","20083",710
"JACKSON KS","20085",4380
"JEFFERSON KS","20087",6410
"JEWELL KS","20089",1290
"JOHNSON KS","20091",158110
"KEARNY KS","20093",1570
"KINGMAN KS","20095",2980
"KIOWA KS","20097",1120
"LABETTE KS","20099",7860
"LANE KS","20101",740
"LEAVENWORTH KS","20103",23820
"LINCOLN KS","20105",1220
"LINN KS","20107",3290
"LOGAN KS","20109",1040
"LYON KS","20111",12290
"MCPHERSON KS","20113",10190
"MARION KS","20115",4610
"MARSHALL KS","20117",3740
"MEADE KS","20119",1580
"MIAMI KS","20121",9830
"MITCHELL KS","20123",2370
"MONTGOMERY KS","20125",12380
"MORRIS KS","20127",2090
"MORTON KS","20129",1190
"NEMAHA KS","20131",3670
"NEOSHO KS","20133",5810
"NESS KS","20135",1180
"NORTON KS","20137",2030
"OSAGE KS","20139",5770
"OSBORNE KS","20141",1520
"OTTAWA KS","20143",2110
"PAWNEE KS","20145",2470
"PHILLIPS KS","20147",2050
"POTTAWATOMIE KS","20149",6310
"PRATT KS","20151",3300
"RAWLINS KS","20153",1010
"RENO KS","20155",22220
"REPUBLIC KS","20157",1990
"RICE KS","20159",3680
"RILEY KS","20161",21560
"ROOKS KS","20163",1940
"RUSH KS","20165",1210
"RUSSELL KS","20167",2520
"SALINE KS","20169",18430
"SCOTT KS","20171",1750
"SEDGWICK KS","20173",156340
"SEWARD KS","20175",7700
"SHAWNEE KS","20177",58520
"SHERIDAN KS","20179",960
"SHERMAN KS","20181",2310
"SMITH KS","20183",1550
"STAFFORD KS","20185",1630
"STANTON KS","20187",820
"STEVENS KS","20189",1870
"SUMNER KS","20191",8920
"THOMAS KS","20193",2790
"TREGO KS","20195",1130
"WABAUNSEE KS","20197",2380
"WALLACE KS","20199",600
"WASHINGTON KS","20201",2210
"WICHITA KS","20203",870
"WILSON KS","20205",3530
"WOODSON KS","20207",1300
"WYANDOTTE KS","20209",54080
"ADAIR KY","21001",8160
"ALLEN KY","21003",8430
"ANDERSON KY","21005",9180
"BALLARD KY","21007",3920
"BARREN KY","21009",18050
"BATH KY","21011",5250
"BELL KY","21013",14290
"BOONE KY","21015",41880
"BOURBON KY","21017",9300
"BOYD KY","21019",23570
"BOYLE KY","21021",13230
"BRACKEN KY","21023",3920
"BREATHITT KY","21025",7620
"BRECKINRIDGE KY","21027",8840
"BULLITT KY","21029",29560
"BUTLER KY","21031",6160
"CALDWELL KY","21033",6210
"CALLOWAY KY","21035",16210
"CAMPBELL KY","21037",42170
"CARLISLE KY","21039",2530
"CARROLL KY","21041",4810
"CARTER KY","21043",12740
"CASEY KY","21045",7310
"CHRISTIAN KY","21047",34450
"CLARK KY","21049",16010
"CLAY KY","21051",11620
"CLINTON KY","21053",4560
"CRITTENDEN KY","21055",4440
"CUMBERLAND KY","21057",3380
"DAVIESS KY","21059",43990
"EDMONSON KY","21061",5510
"ELLIOTT KY","21063",3190
"ESTILL KY","21065",7250
"FAYETTE KY","21067",125180
"FLEMING KY","21069",6530
"FLOYD KY","21071",20090
"FRANKLIN KY","21073",22720
"FULTON KY","21075",3670
"GALLATIN KY","21077",3730
"GARRARD KY","21079",7010
"GRANT KY","21081",10750
"GRAVES KY","21083",17540
"GRAYSON KY","21085",11390
"GREEN KY","21087",5450
"GREENUP KY","21089",17510
"HANCOCK KY","21091",3970
"HARDIN KY","21093",44940
"HARLAN KY","21095",15720
"HARRISON KY","21097",8570
"HART KY","21099",8290
"HENDERSON KY","21101",21350
"HENRY KY","21103",7240
"HICKMAN KY","21105",2490
"HOPKINS KY","21107",22050
"JACKSON KY","21109",6390
"JEFFERSON KY","21111",331080
"JESSAMINE KY","21113",18810
"JOHNSON KY","21115",11100
"KENTON KY","21117",72230
"KNOTT KY","21119",8350
"KNOX KY","21121",15050
"LARUE KY","21123",6430
"LAUREL KY","21125",24960
"LAWRENCE KY","21127",7370
"LEE KY","21129",3750
"LESLIE KY","21131",5870
"LETCHER KY","21133",11960
"LEWIS KY","21135",6670
"LINCOLN KY","21137",11230
"LIVINGSTON KY","21139",4640
"LOGAN KY","21141",12600
"LYON KY","21143",3830
"MCCRACKEN KY","21145",31160
"MCCREARY KY","21147",8080
"MCLEAN KY","21149",4710
"MADISON KY","21151",33780
"MAGOFFIN KY","21153",6310
"MARION KY","21155",8630
"MARSHALL KY","21157",14370
"MARTIN KY","21159",5950
"MASON KY","21161",7970
"MEADE KY","21163",12490
"MENIFEE KY","21165",3100
"MERCER KY","21167",9950
"METCALFE KY","21169",4750
"MONROE KY","21171",5560
"MONTGOMERY KY","21173",10790
"MORGAN KY","21175",6600
"MUHLENBERG KY","21177",15080
"NELSON KY","21179",18140
"NICHOLAS KY","21181",3230
"OHIO KY","21183",10860
"OLDHAM KY","21185",22370
"OWEN KY","21187",5000
"OWSLEY KY","21189",2300
"PENDLETON KY","21191",6810
"PERRY KY","21193",13920
"PIKE KY","21195",32560
"POWELL KY","21197",6270
"PULASKI KY","21199",26640
"ROBERTSON KY","21201",1070
"ROCKCASTLE KY","21203",7850
"ROWAN KY","21205",10470
"RUSSELL KY","21207",7730
"SCOTT KY","21209",15810
"SHELBY KY","21211",16090
"SIMPSON KY","21213",7860
"SPENCER KY","21215",5830
"TAYLOR KY","21217",10860
"TODD KY","21219",5670
"TRIGG KY","21221",5970
"TRIMBLE KY","21223",3850
"UNION KY","21225",7440
"WARREN KY","21227",44400
"WASHINGTON KY","21229",5170
"WAYNE KY","21231",9430
"WEBSTER KY","21233",6690
"WHITLEY KY","21235",16990
"WOLFE KY","21237",3340
"WOODFORD KY","21239",11130
"ACADIA LA","22001",7690
"ALLEN LA","22003",3280
"ASCENSION LA","22005",10540
"ASSUMPTION LA","22007",3070
"AVOYELLES LA","22009",5510
"BEAUREGARD LA","22011",4230
"BIENVILLE LA","22013",2020
"BOSSIER LA","22015",13000
"CADDO LA","22017",32800
"CALCASIEU LA","22019",24360
"CALDWELL LA","22021",1370
"CAMERON LA","22023",1320
"CATAHOULA LA","22025",1420
"CLAIBORNE LA","22027",2160
"CONCORDIA LA","22029",2630
"DE SOTO LA","22031",3270
"EAST BATON ROUGE LA","22033",54060
"EAST CARROLL LA","22035",1210
"EAST FELICIANA LA","22037",2740
"EVANGELINE LA","22039",4640
"FRANKLIN LA","22041",2760
"GRANT LA","22043",2400
"IBERIA LA","22045",9560
"IBERVILLE LA","22047",4340
"JACKSON LA","22049",1980
"JEFFERSON LA","22051",59090
"JEFFERSON DAVIS LA","22053",4090
"LA SALLE LA","22055",1840
"LAFAYETTE LA","22057",25210
"LAFOURCHE LA","22059",11800
"LINCOLN LA","22061",5550
"LIVINGSTON LA","22063",12520
"MADISON LA","22065",1780
"MOREHOUSE LA","22067",4000
"NATCHITOCHES LA","22069",5090
"ORLEANS LA","22071",62590
"OUACHITA LA","22073",19220
"PLAQUEMINES LA","22075",3540
"POINTE COUPEE LA","22077",2990
"RAPIDES LA","22079",16560
"RED RIVER LA","22081",1240
"RICHLAND LA","22083",2720
"SABINE LA","22085",3010
"ST. BERNARD LA","22087",8710
"ST. CHARLES LA","22089",6320
"ST. HELENA LA","22091",1360
"ST. JAMES LA","22093",2730
"ST. JOHN THE BAPTIST LA","22095",5740
"ST. LANDRY LA","22097",11460
"ST. MARTIN LA","22099",6380
"ST. MARY LA","22101",6950
"ST. TAMMANY LA","22103",26190
"TANGIPAHOA LA","22105",13340
"TENSAS LA","22107",870
"TERREBONNE LA","22109",13770
"UNION LA","22111",2930
"VERMILION LA","22113",7010
"VERNON LA","22115",6740
"WASHINGTON LA","22117",5740
"WEBSTER LA","22119",5400
"WEST BATON ROUGE LA","22121",2850
"WEST CARROLL LA","22123",1580
"WEST FELICIANA LA","22125",1990
"WINN LA","22127",2170
"ANDROSCOGGIN ME","23001",9460
"AROOSTOOK ME","23003",6690
"CUMBERLAND ME","23005",24620
"FRANKLIN ME","23007",2700
"HANCOCK ME","23009",4820
"KENNEBEC ME","23011",10670
"KNOX ME","23013",3660
"LINCOLN ME","23015",3120
"OXFORD ME","23017",5040
"PENOBSCOT ME","23019",13180
"PISCATAQUIS ME","23021",1570
"SAGADAHOC ME","23023",3230
"SOMERSET ME","23025",4600
"WALDO ME","23027",3350
"WASHINGTON ME","23029",3080
"YORK ME","23031",17380
"ALLEGANY MD","24001",4170
"ANNE ARUNDEL MD","24003",29160
"BALTIMORE MD","24005",79160
"CALVERT MD","24009",4890
"CAROLINE MD","24011",1770
"CARROLL MD","24013",9480
"CECIL MD","24015",5330
"CHARLES MD","24017",7640
"DORCHESTER MD","24019",1780
"FREDERICK MD","24021",13090
"GARRETT MD","24023",1860
"HARFORD MD","24025",13380
"HOWARD MD","24027",15170
"KENT MD","24029",1350
"MONTGOMERY MD","24031",50990
"PRINCE GEORGE'S MD","24033",46770
"QUEEN ANNE'S MD","24035",2590
"ST. MARY'S MD","24037",5680
"SOMERSET MD","24039",1380
"TALBOT MD","24041",2150
"WASHINGTON MD","24043",7760
"WICOMICO MD","24045",4990
"WORCESTER MD","24047",3160
"BARNSTABLE MA","25001",10080
"BERKSHIRE MA","25003",5700
"BRISTOL MA","25005",22830
"DUKES MA","25007",730
"ESSEX MA","25009",30560
"FRANKLIN MA","25011",3050
"HAMPDEN MA","25013",19150
"HAMPSHIRE MA","25015",6460
"MIDDLESEX MA","25017",61770
"NANTUCKET MA","25019",490
"NORFOLK MA","25021",27410
"PLYMOUTH MA","25023",20340
"SUFFOLK MA","25025",28560
"WORCESTER MA","25027",32310
"ALCONA MI","26001",810
"ALGER MI","26003",660
"ALLEGAN MI","26005",6750
"ALPENA MI","26007",1890
"ANTRIM MI","26009",1640
"ARENAC MI","26011",1080
"BARAGA MI","26013",560
"BARRY MI","26015",3590
"BAY MI","26017",6600
"BENZIE MI","26019",1170
"BERRIEN MI","26021",9850
"BRANCH MI","26023",2760
"CALHOUN MI","26025",8350
"CASS MI","26027",3260
"CHARLEVOIX MI","26029",1880
"CHEBOYGAN MI","26031",1770
"CHIPPEWA MI","26033",2420
"CLARE MI","26035",1950
"CLINTON MI","26037",4250
"CRAWFORD MI","26039",920
"DELTA MI","26041",2420
"DICKINSON MI","26043",1690
"EATON MI","26045",6540
"EMMET MI","26047",2230
"GENESEE MI","26049",27070
"GLADWIN MI","26051",1770
"GOGEBIC MI","26053",1050
"GRAND TRAVERSE MI","26055",5210
"GRATIOT MI","26057",2510
"HILLSDALE MI","26059",2970
"HOUGHTON MI","26061",2190
"HURON MI","26063",2290
"INGHAM MI","26065",16890
"IONIA MI","26067",3930
"IOSCO MI","26069",1740
"IRON MI","26071",810
"ISABELLA MI","26073",4260
"JACKSON MI","26075",9890
"KALAMAZOO MI","26077",14850
"KALKASKA MI","26079",1090
"KENT MI","26081",35910
"KEWEENAW MI","26083",160
"LAKE MI","26085",770
"LAPEER MI","26087",5630
"LEELANAU MI","26089",1510
"LENAWEE MI","26091",6180
"LIVINGSTON MI","26093",11030
"LUCE MI","26095",430
"MACKINAC MI","26097",800
"MACOMB MI","26099",50810
"MANISTEE MI","26101",1450
"MARQUETTE MI","26103",3970
"MASON MI","26105",1790
"MECOSTA MI","26107",2600
"MENOMINEE MI","26109",1600
"MIDLAND MI","26111",5030
"MISSAUKEE MI","26113",920
"MONROE MI","26115",9290
"MONTCALM MI","26117",3780
"MONTMORENCY MI","26119",690
"MUSKEGON MI","26121",10620
"NEWAYGO MI","26123",2970
"OAKLAND MI","26125",73720
"OCEANA MI","26127",1690
"OGEMAW MI","26129",1380
"ONTONAGON MI","26131",470
"OSCEOLA MI","26133",1540
"OSCODA MI","26135",640
"OTSEGO MI","26137",1650
"OTTAWA MI","26139",15430
"PRESQUE ISLE MI","26141",970
"ROSCOMMON MI","26143",1840
"SAGINAW MI","26145",12840
"ST. CLAIR MI","26147",10450
"ST. JOSEPH MI","26149",3830
"SANILAC MI","26151",2790
"SCHOOLCRAFT MI","26153",570
"SHIAWASSEE MI","26155",4430
"TUSCOLA MI","26157",3530
"VAN BUREN MI","26159",4820
"WASHTENAW MI","26161",20510
"WAYNE MI","26163",122010
"WEXFORD MI","26165",1940
"AITKIN MN","27001",2410
"ANOKA MN","27003",45690
"BECKER MN","27005",4590
"BELTRAMI MN","27007",5890
"BENTON MN","27009",5330
"BIG STONE MN","27011",860
"BLUE EARTH MN","27013",8450
"BROWN MN","27015",3980
"CARLTON MN","27017",4890
"CARVER MN","27019",11350
"CASS MN","27021",4370
"CHIPPEWA MN","27023",1960
"CHISAGO MN","27025",6670
"CLAY MN","27027",7700
"CLEARWATER MN","27029",1240
"COOK MN","27031",870
"COTTONWOOD MN","27033",1800
"CROW WING MN","27035",8880
"DAKOTA MN","27037",54800
"DODGE MN","27039",2780
"DOUGLAS MN","27041",5150
"FARIBAULT MN","27043",2390
"FILLMORE MN","27045",3220
"FREEBORN MN","27047",4850
"GOODHUE MN","27049",6730
"GRANT MN","27051",930
"HENNEPIN MN","27053",166970
"HOUSTON MN","27055",2960
"HUBBARD MN","27057",2730
"ISANTI MN","27059",4910
"ITASCA MN","27061",6800
"JACKSON MN","27063",1680
"KANABEC MN","27065",2280
"KANDIYOHI MN","27067",6210
"KITTSON MN","27069",780
"KOOCHICHING MN","27071",2150
"LAC QUI PARLE MN","27073",1190
"LAKE MN","27075",1750
"LAKE OF THE WOODS MN","27077",670
"LE SUEUR MN","27079",3900
"LINCOLN MN","27081",950
"LYON MN","27083",3800
"MCLEOD MN","27085",5290
"MAHNOMEN MN","27087",760
"MARSHALL MN","27089",1490
"MARTIN MN","27091",3250
"MEEKER MN","27093",3460
"MILLE LACS MN","27095",3460
"MORRISON MN","27097",4900
"MOWER MN","27099",5770
"MURRAY MN","27101",1390
"NICOLLET MN","27103",4470
"NOBLES MN","27105",3070
"NORMAN MN","27107",1100
"OLMSTED MN","27109",19330
"OTTER TAIL MN","27111",8490
"PENNINGTON MN","27113",2020
"PINE MN","27115",3960
"PIPESTONE MN","27117",1480
"POLK MN","27119",4690
"POPE MN","27121",1720
"RAMSEY MN","27123",75570
"RED LAKE MN","27125",630
"REDWOOD MN","27127",2500
"RENVILLE MN","27129",2540
"RICE MN","27131",8690
"ROCK MN","27133",1440
"ROSEAU MN","27135",2410
"ST. LOUIS MN","27137",29900
"SCOTT MN","27139",15180
"SHERBURNE MN","27141",10620
"SIBLEY MN","27143",2310
"STEARNS MN","27145",20400
"STEELE MN","27147",5120
"STEVENS MN","27149",1500
"SWIFT MN","27151",1770
"TODD MN","27153",3720
"TRAVERSE MN","27155",610
"WABASHA MN","27157",3290
"WADENA MN","27159",2070
"WASECA MN","27161",2930
"WASHINGTON MN","27163",31420
"WATONWAN MN","27165",1750
"WILKIN MN","27167",1060
"WINONA MN","27169",7480
"WRIGHT MN","27171",14670
"YELLOW MEDICINE MN","27173",1650
"ADAMS MS","28001",7830
"ALCORN MS","28003",7890
"AMITE MS","28005",3100
"ATTALA MS","28007",4500
"BENTON MS","28009",1830
"BOLIVAR MS","28011",9300
"CALHOUN MS","28013",3430
"CARROLL MS","28015",2450
"CHICKASAW MS","28017",4430
"CHOCTAW MS","28019",2220
"CLAIBORNE MS","28021",2690
"CLARKE MS","28023",4090
"CLAY MS","28025",5020
"COAHOMA MS","28027",6990
"COPIAH MS","28029",6550
"COVINGTON MS","28031",4420
"DE SOTO MS","28033",26070
"FORREST MS","28035",16700
"FRANKLIN MS","28037",1920
"GEORGE MS","28039",4360
"GREENE MS","28041",3030
"GRENADA MS","28043",5320
"HANCOCK MS","28045",9870
"HARRISON MS","28047",44440
"HINDS MS","28049",57690
"HOLMES MS","28051",4930
"HUMPHREYS MS","28053",2560
"ISSAQUENA MS","28055",520
"ITAWAMBA MS","28057",5200
"JACKSON MS","28059",30700
"JASPER MS","28061",4140
"JEFFERSON MS","28063",2220
"JEFFERSON DAVIS MS","28065",3180
"JONES MS","28067",14790
"KEMPER MS","28069",2380
"LAFAYETTE MS","28071",8940
"LAMAR MS","28073",8900
"LAUDERDALE MS","28075",17850
"LAWRENCE MS","28077",3020
"LEAKE MS","28079",4770
"LEE MS","28081",17330
"LEFLORE MS","28083",8650
"LINCOLN MS","28085",7560
"LOWNDES MS","28087",14170
"MADISON MS","28089",17520
"MARION MS","28091",5830
"MARSHALL MS","28093",8030
"MONROE MS","28095",8670
"MONTGOMERY MS","28097",2800
"NESHOBA MS","28099",6540
"NEWTON MS","28101",4980
"NOXUBEE MS","28103",2860
"OKTIBBEHA MS","28105",9930
"PANOLA MS","28107",7820
"PEARL RIVER MS","28109",11360
"PERRY MS","28111",2770
"PIKE MS","28113",8870
"PONTOTOC MS","28115",6130
"PRENTISS MS","28117",5840
"QUITMAN MS","28119",2300
"RANKIN MS","28121",26940
"SCOTT MS","28123",6480
"SHARKEY MS","28125",1500
"SIMPSON MS","28127",6320
"SMITH MS","28129",3690
"STONE MS","28131",3110
"SUNFLOWER MS","28133",7850
"TALLAHATCHIE MS","28135",3390
"TATE MS","28137",5910
"TIPPAH MS","28139",4760
"TISHOMINGO MS","28141",4360
"TUNICA MS","28143",2190
"UNION MS","28145",5790
"WALTHALL MS","28147",3450
"WARREN MS","28149",11320
"WASHINGTON MS","28151",14410
"WAYNE MS","28153",4830
"WEBSTER MS","28155",2350
"WILKINSON MS","28157",2350
"WINSTON MS","28159",4600
"YALOBUSHA MS","28161",2990
"YAZOO MS","28163",6410
"ADAIR MO","29001",1510
"ANDREW MO","29003",990
"ATCHISON MO","29005",380
"AUDRAIN MO","29007",1520
"BARRY MO","29009",2050
"BARTON MO","29011",740
"BATES MO","29013",970
"BENTON MO","29015",1010
"BOLLINGER MO","29017",700
"BOONE MO","29019",8930
"BUCHANAN MO","29021",5230
"BUTLER MO","29023",2400
"CALDWELL MO","29025",520
"CALLAWAY MO","29027",2440
"CAMDEN MO","29029",2220
"CAPE GIRARDEAU MO","29031",4220
"CARROLL MO","29033",610
"CARTER MO","29035",350
"CASS MO","29037",5490
"CEDAR MO","29039",810
"CHARITON MO","29041",500
"CHRISTIAN MO","29043",3670
"CLARK MO","29045",440
"CLAY MO","29047",11380
"CLINTON MO","29049",1280
"COLE MO","29051",4670
"COOPER MO","29053",1010
"CRAWFORD MO","29055",1350
"DADE MO","29057",460
"DALLAS MO","29059",910
"DAVIESS MO","29061",470
"DEKALB MO","29063",680
"DENT MO","29065",870
"DOUGLAS MO","29067",770
"DUNKLIN MO","29069",1970
"FRANKLIN MO","29071",6020
"GASCONADE MO","29073",910
"GENTRY MO","29075",400
"GREENE MO","29077",15540
"GRUNDY MO","29079",630
"HARRISON MO","29081",530
"HENRY MO","29083",1320
"HICKORY MO","29085",520
"HOLT MO","29087",320
"HOWARD MO","29089",600
"HOWELL MO","29091",2230
"IRON MO","29093",630
"JACKSON MO","29095",41710
"JASPER MO","29097",6500
"JEFFERSON MO","29099",12810
"JOHNSON MO","29101",2870
"KNOX MO","29103",260
"LACLEDE MO","29105",1980
"LAFAYETTE MO","29107",1940
"LAWRENCE MO","29109",2080
"LEWIS MO","29111",620
"LINCOLN MO","29113",2380
"LINN MO","29115",810
"LIVINGSTON MO","29117",880
"MCDONALD MO","29119",1270
"MACON MO","29121",930
"MADISON MO","29123",700
"MARIES MO","29125",520
"MARION MO","29127",1720
"MERCER MO","29129",220
"MILLER MO","29131",1400
"MISSISSIPPI MO","29133",800
"MONITEAU MO","29135",870
"MONROE MO","29137",580
"MONTGOMERY MO","29139",730
"MORGAN MO","29141",1130
"NEW MADRID MO","29143",1170
"NEWTON MO","29145",3100
"NODAWAY MO","29147",1310
"OREGON MO","29149",600
"OSAGE MO","29151",760
"OZARK MO","29153",560
"PEMISCOT MO","29155",1200
"PERRY MO","29157",1110
"PETTIS MO","29159",2310
"PHELPS MO","29161",2420
"PIKE MO","29163",1080
"PLATTE MO","29165",4710
"POLK MO","29167",1620
"PULASKI MO","29169",2400
"PUTNAM MO","29171",310
"RALLS MO","29173",560
"RANDOLPH MO","29175",1460
"RAY MO","29177",1460
"REYNOLDS MO","29179",390
"RIPLEY MO","29181",790
"ST. CHARLES MO","29183",19890
"ST. CLAIR MO","29185",560
"STE. GENEVIEVE MO","29186",3410
"ST. FRANCOIS MO","29187",82010
"ST. LOUIS MO","29189",1050
"SALINE MO","29195",1400
"SCHUYLER MO","29197",260
"SCOTLAND MO","29199",300
"SCOTT MO","29201",2410
"SHANNON MO","29203",490
"SHELBY MO","29205",400
"STODDARD MO","29207",1760
"STONE MO","29209",1690
"SULLIVAN MO","29211",430
"TANEY MO","29213",2630
"TEXAS MO","29215",1350
"VERNON MO","29217",1210
"WARREN MO","29219",1710
"WASHINGTON MO","29221",1360
"WAYNE MO","29223",770
"WEBSTER MO","29225",1890
"WORTH MO","29227",140
"WRIGHT MO","29229",1060
"BEAVERHEAD MT","30001",450
"BIG HORN MT","30003",610
"BLAINE MT","30005",340
"BROADWATER MT","30007",210
"CARBON MT","30009",470
"CARTER MT","30011",70
"CASCADE MT","30013",3900
"CHOUTEAU MT","30015",290
"CUSTER MT","30017",570
"DANIELS MT","30019",100
"DAWSON MT","30021",440
"DEER LODGE MT","30023",460
"FALLON MT","30025",140
"FERGUS MT","30027",570
"FLATHEAD MT","30029",3660
"GALLATIN MT","30031",3450
"GARFIELD MT","30033",60
"GLACIER MT","30035",640
"GOLDEN VALLEY MT","30037",50
"GRANITE MT","30039",140
"HILL MT","30041",800
"JEFFERSON MT","30043",480
"JUDITH BASIN MT","30045",110
"LAKE MT","30047",1290
"LEWIS AND CLARK MT","30049",2700
"LIBERTY MT","30051",100
"LINCOLN MT","30053",910
"MCCONE MT","30055",100
"MADISON MT","30057",330
"MEAGHER MT","30059",90
"MINERAL MT","30061",190
"MISSOULA MT","30063",4760
"MUSSELSHELL MT","30065",220
"PARK MT","30067",760
"PETROLEUM MT","30069",20
"PHILLIPS MT","30071",220
"PONDERA MT","30073",310
"POWDER RIVER MT","30075",90
"POWELL MT","30077",350
"PRAIRIE MT","30079",60
"RAVALLI MT","30081",1750
"RICHLAND MT","30083",470
"ROOSEVELT MT","30085",510
"ROSEBUD MT","30087",450
"SANDERS MT","30089",490
"SHERIDAN MT","30091",200
"SILVER BOW MT","30093",1680
"STILLWATER MT","30095",400
"SWEET GRASS MT","30097",180
"TETON MT","30099",310
"TOOLE MT","30101",250
"TREASURE MT","30103",40
"VALLEY MT","30105",370
"WHEATLAND MT","30107",110
"WIBAUX MT","30109",50
"YELLOWSTONE MT","30111",6390
"ADAMS NE","31001",3660
"ANTELOPE NE","31003",870
"ARTHUR NE","31005",50
"BANNER NE","31007",90
"BLAINE NE","31009",70
"BOONE NE","31011",720
"BOX BUTTE NE","31013",1400
"BOYD NE","31015",280
"BROWN NE","31017",410
"BUFFALO NE","31019",5030
"BURT NE","31021",900
"BUTLER NE","31023",1020
"CASS NE","31025",2950
"CEDAR NE","31027",1130
"CHASE NE","31029",480
"CHERRY NE","31031",710
"CHEYENNE NE","31033",1160
"CLAY NE","31035",830
"COLFAX NE","31037",1200
"CUMING NE","31039",1190
"CUSTER NE","31041",1360
"DAKOTA NE","31043",2390
"DAWES NE","31045",1050
"DAWSON NE","31047",2810
"DEUEL NE","31049",240
"DIXON NE","31051",740
"DODGE NE","31053",4260
"DOUGLAS NE","31055",55540
"DUNDY NE","31057",260
"FILLMORE NE","31059",770
"FRANKLIN NE","31061",410
"FRONTIER NE","31063",360
"FURNAS NE","31065",620
"GAGE NE","31067",2700
"GARDEN NE","31069",260
"GARFIELD NE","31071",220
"GOSPER NE","31073",250
"GRANT NE","31075",90
"GREELEY NE","31077",310
"HALL NE","31079",6260
"HAMILTON NE","31081",1110
"HARLAN NE","31083",440
"HAYES NE","31085",120
"HITCHCOCK NE","31087",360
"HOLT NE","31089",1360
"HOOKER NE","31091",90
"HOWARD NE","31093",790
"JEFFERSON NE","31095",960
"JOHNSON NE","31097",520
"KEARNEY NE","31099",800
"KEITH NE","31101",1140
"KEYA PAHA NE","31103",110
"KIMBALL NE","31105",470
"KNOX NE","31107",1080
"LANCASTER NE","31109",30160
"LINCOLN NE","31111",4100
"LOGAN NE","31113",90
"LOUP NE","31115",80
"MCPHERSON NE","31117",60
"MADISON NE","31119",4120
"MERRICK NE","31121",960
"MORRILL NE","31123",630
"NANCE NE","31125",470
"NEMAHA NE","31127",880
"NUCKOLLS NE","31129",580
"OTOE NE","31131",1890
"PAWNEE NE","31133",360
"PERKINS NE","31135",370
"PHELPS NE","31137",1120
"PIERCE NE","31139",920
"PLATTE NE","31141",3710
"POLK NE","31143",650
"RED WILLOW NE","31145",1330
"RICHARDSON NE","31147",1090
"ROCK NE","31149",200
"SALINE NE","31151",1620
"SARPY NE","31153",15450
"SAUNDERS NE","31155",2370
"SCOTTS BLUFF NE","31157",4310
"SEWARD NE","31159",1950
"SHERIDAN NE","31161",710
"SHERMAN NE","31163",380
"SIOUX NE","31165",170
"STANTON NE","31167",760
"THAYER NE","31169",700
"THOMAS NE","31171",80
"THURSTON NE","31173",830
"VALLEY NE","31175",530
"WASHINGTON NE","31177",2260
"WAYNE NE","31179",1140
"WEBSTER NE","31181",470
"WHEELER NE","31183",100
"YORK NE","31185",1700
"CHURCHILL NV","32001",2050
"CLARK NV","32003",124610
"DOUGLAS NV","32005",3690
"ELKO NV","32007",3840
"ESMERALDA NV","32009",80
"EUREKA NV","32011",140
"HUMBOLDT NV","32013",1360
"LANDER NV","32015",490
"LINCOLN NV","32017",350
"LYON NV","32019",2970
"MINERAL NV","32021",430
"NYE NV","32023",2720
"PERSHING NV","32027",560
"STOREY NV","32029",4720
"WASHOE NV","32031",29910
"WHITE PINE NV","32033",770
"CARSON CITY NV","32510",0
"BELKNAP NH","33001",2270
"CARROLL NH","33003",1800
"CHESHIRE NH","33005",2820
"COOS NH","33007",1240
"GRAFTON NH","33009",3150
"HILLSBOROUGH NH","33011",14690
"MERRIMACK NH","33013",5310
"ROCKINGHAM NH","33015",10920
"STRAFFORD NH","33017",4370
"SULLIVAN NH","33019",1580
"ATLANTIC NJ","34001",11630
"BERGEN NJ","34003",38870
"BURLINGTON NJ","34005",19460
"CAMDEN NJ","34007",22270
"CAPE MAY NJ","34009",4880
"CUMBERLAND NJ","34011",6420
"ESSEX NJ","34013",34630
"GLOUCESTER NJ","34015",11630
"HUDSON NJ","34017",26450
"HUNTERDON NJ","34019",5560
"MERCER NJ","34021",15720
"MIDDLESEX NJ","34023",33320
"MONMOUTH NJ","34025",27740
"MORRIS NJ","34027",21410
"OCEAN NJ","34029",24650
"PASSAIC NJ","34031",21240
"SALEM NJ","34033",2850
"SOMERSET NJ","34035",13600
"SUSSEX NJ","34037",6570
"UNION NJ","34039",22740
"WARREN NJ","34041",4820
"BERNALILLO NM","35001",48350
"CATRON NM","35003",300
"CHAVES NM","35005",5170
"CIBOLA NM","35006",2150
"COLFAX NM","35007",1190
"CURRY NM","35009",3800
"DE BACA NM","35011",190
"DONA ANA NM","35013",15030
"EDDY NM","35015",4360
"GRANT NM","35017",2610
"GUADALUPE NM","35019",390
"HARDING NM","35021",70
"HIDALGO NM","35023",500
"LEA NM","35025",4670
"LINCOLN NM","35027",1700
"LOS ALAMOS NM","35028",1590
"LUNA NM","35029",2110
"MCKINLEY NM","35031",6310
"MORA NM","35033",440
"OTERO NM","35035",5280
"QUAY NM","35037",850
"RIO ARRIBA NM","35039",3470
"ROOSEVELT NM","35041",1520
"SAN JUAN NM","35043",9640
"SAN MIGUEL NM","35045",2530
"SANDOVAL NM","35047",7800
"SANTA FE NM","35049",11020
"SIERRA NM","35051",1120
"SOCORRO NM","35053",1520
"TAOS NM","35055",2620
"TORRANCE NM","35057",1420
"UNION NM","35059",350
"VALENCIA NM","35061",5710
"ALBANY NY","36001",16930
"ALLEGANY NY","36003",2870
"BRONX NY","36005",75410
"BROOME NY","36007",11390
"CATTARAUGUS NY","36009",4810
"CAYUGA NY","36011",4700
"CHAUTAUQUA NY","36013",7990
"CHEMUNG NY","36015",5210
"CHENANGO NY","36017",2930
"CLINTON NY","36019",4610
"COLUMBIA NY","36021",3650
"CORTLAND NY","36023",2770
"DELAWARE NY","36025",2780
"DUTCHESS NY","36027",16300
"ERIE NY","36029",54440
"ESSEX NY","36031",2260
"FRANKLIN NY","36033",2930
"FULTON NY","36035",3160
"GENESEE NY","36037",3460
"GREENE NY","36039",2810
"HAMILTON NY","36041",330
"HERKIMER NY","36043",3700
"JEFFERSON NY","36045",6380
"KINGS NY","36047",139510
"LEWIS NY","36049",1600
"LIVINGSTON NY","36051",3720
"MADISON NY","36053",3980
"MONROE NY","36055",42370
"MONTGOMERY NY","36057",2830
"NASSAU NY","36059",75750
"NEW YORK NY","36061",87480
"NIAGARA NY","36063",12630
"ONEIDA NY","36065",13410
"ONONDAGA NY","36067",26370
"ONTARIO NY","36069",5850
"ORANGE NY","36071",20130
"ORLEANS NY","36073",2520
"OSWEGO NY","36075",7020
"OTSEGO NY","36077",3620
"PUTNAM NY","36079",5580
"QUEENS NY","36081",126160
"RENSSELAER NY","36083",8780
"RICHMOND NY","36085",25920
"ROCKLAND NY","36087",16380
"ST. LAWRENCE NY","36089",6430
"SARATOGA NY","36091",11840
"SCHENECTADY NY","36093",8370
"SCHOHARIE NY","36095",1820
"SCHUYLER NY","36097",1100
"SENECA NY","36099",1900
"STEUBEN NY","36101",5690
"SUFFOLK NY","36103",82170
"SULLIVAN NY","36105",4310
"TIOGA NY","36107",2960
"TOMPKINS NY","36109",5590
"ULSTER NY","36111",10290
"WARREN NY","36113",3740
"WASHINGTON NY","36115",3530
"WAYNE NY","36117",5430
"WESTCHESTER NY","36119",52860
"WYOMING NY","36121",2490
"YATES NY","36123",1420
"ALAMANCE NC","37001",17120
"ALEXANDER NC","37003",4340
"ALLEGHANY NC","37005",1470
"ANSON NC","37007",3180
"ASHE NC","37009",3260
"AVERY NC","37011",2270
"BEAUFORT NC","37013",5780
"BERTIE NC","37015",2490
"BLADEN NC","37017",4090
"BRUNSWICK NC","37019",10340
"BUNCOMBE NC","37021",26740
"BURKE NC","37023",11390
"CABARRUS NC","37025",17730
"CALDWELL NC","37027",10030
"CAMDEN NC","37029",920
"CARTERET NC","37031",7810
"CASWELL NC","37033",3010
"CATAWBA NC","37035",18750
"CHATHAM NC","37037",6530
"CHEROKEE NC","37039",3270
"CHOWAN NC","37041",1850
"CLAY NC","37043",1230
"CLEVELAND NC","37045",12340
"COLUMBUS NC","37047",6920
"CRAVEN NC","37049",11820
"CUMBERLAND NC","37051",38760
"CURRITUCK NC","37053",2570
"DARE NC","37055",4540
"DAVIDSON NC","37057",19090
"DAVIE NC","37059",4640
"DUPLIN NC","37061",6230
"DURHAM NC","37063",29630
"EDGECOMBE NC","37065",7030
"FORSYTH NC","37067",40350
"FRANKLIN NC","37069",6230
"GASTON NC","37071",24760
"GATES NC","37073",1330
"GRAHAM NC","37075",1050
"GRANVILLE NC","37077",6410
"GREENE NC","37079",2400
"GUILFORD NC","37081",55410
"HALIFAX NC","37083",7250
"HARNETT NC","37085",11930
"HAYWOOD NC","37087",7090
"HENDERSON NC","37089",11740
"HERTFORD NC","37091",2850
"HOKE NC","37093",4430
"HYDE NC","37095",750
"IREDELL NC","37097",16640
"JACKSON NC","37099",4600
"JOHNSTON NC","37101",16400
"JONES NC","37103",1300
"LEE NC","37105",6330
"LENOIR NC","37107",7630
"LINCOLN NC","37109",8600
"MCDOWELL NC","37111",4040
"MACON NC","37113",2580
"MADISON NC","37115",3240
"MARTIN NC","37117",5370
"MECKLENBURG NC","37119",95970
"MITCHELL NC","37121",2020
"MONTGOMERY NC","37123",3440
"MOORE NC","37125",9890
"NASH NC","37127",11430
"NEW HANOVER NC","37129",21390
"NORTHAMPTON NC","37131",2800
"ONSLOW NC","37133",19420
"ORANGE NC","37135",15680
"PAMLICO NC","37137",1660
"PASQUOTANK NC","37139",4450
"PENDER NC","37141",5400
"PERQUIMANS NC","37143",1480
"PERSON NC","37145",4600
"PITT NC","37147",17650
"POLK NC","37149",2390
"RANDOLPH NC","37151",16900
"RICHMOND NC","37153",6060
"ROBESON NC","37155",15760
"ROCKINGHAM NC","37157",11750
"ROWAN NC","37159",16870
"RUTHERFORD NC","37161",8100
"SAMPSON NC","37163",7630
"SCOTLAND NC","37165",4590
"STANLY NC","37167",7500
"STOKES NC","37169",5720
"SURRY NC","37171",9080
"SWAIN NC","37173",1730
"TRANSYLVANIA NC","37175",3870
"TYRRELL NC","37177",530
"UNION NC","37179",17510
"VANCE NC","37181",5480
"WAKE NC","37183",86660
"WARREN NC","37185",2570
"WASHINGTON NC","37187",1730
"WATAUGA NC","37189",5790
"WAYNE NC","37191",14490
"WILKES NC","37193",8400
"WILSON NC","37195",9620
"YADKIN NC","37197",4660
"YANCEY NC","37199",2290
"ADAMS ND","38001",4640
"BARNES ND","38003",21040
"BENSON ND","38005",12430
"BILLINGS ND","38007",1590
"BOTTINEAU ND","38009",12770
"BOWMAN ND","38011",5790
"BURKE ND","38013",4010
"BURLEIGH ND","38015",124290
"CASS ND","38017",220550
"CAVALIER ND","38019",8630
"DICKEY ND","38021",10280
"DIVIDE ND","38023",4080
"DUNN ND","38025",6430
"EDDY ND","38027",4930
"EMMONS ND","38029",7750
"FOSTER ND","38031",6720
"GOLDEN VALLEY ND","38033",3440
"GRAND FORKS ND","38035",118110
"GRANT ND","38037",5070
"GRIGGS ND","38039",4920
"HETTINGER ND","38041",4850
"KIDDER ND","38043",4920
"LAMOURE ND","38045",8400
"LOGAN ND","38047",4120
"MCHENRY ND","38049",10700
"MCINTOSH ND","38051",6060
"MCKENZIE ND","38053",10240
"MCLEAN ND","38055",16630
"MERCER ND","38057",15440
"MORTON ND","38059",45270
"MOUNTRAIL ND","38061",11850
"NELSON ND","38063",6640
"OLIVER ND","38065",3690
"PEMBINA ND","38067",15330
"PIERCE ND","38069",8350
"RAMSEY ND","38071",21560
"RANSOM ND","38073",10540
"RENVILLE ND","38075",4660
"RICHLAND ND","38077",32160
"ROLETTE ND","38079",24420
"SARGENT ND","38081",7800
"SHERIDAN ND","38083",3050
"SIOUX ND","38085",7220
"SLOPE ND","38087",1370
"STARK ND","38089",40450
"STEELE ND","38091",4030
"STUTSMAN ND","38093",39150
"TOWNER ND","38095",5140
"TRAILL ND","38097",15140
"WALSH ND","38099",22130
"WARD ND","38101",105090
"WELLS ND","38103",9110
"WILLIAMS ND","38105",35310
"ADAMS OH","39001",2370
"ALLEN OH","39003",9630
"ASHLAND OH","39005",4730
"ASHTABULA OH","39007",9360
"ATHENS OH","39009",5440
"AUGLAIZE OH","39011",4200
"BELMONT OH","39013",6120
"BROWN OH","39015",3760
"BUTLER OH","39017",30940
"CARROLL OH","39019",2520
"CHAMPAIGN OH","39021",3550
"CLARK OH","39023",12840
"CLERMONT OH","39025",16780
"CLINTON OH","39027",3720
"COLUMBIANA OH","39029",9810
"COSHOCTON OH","39031",3190
"CRAWFORD OH","39033",4170
"CUYAHOGA OH","39035",122860
"DARKE OH","39037",4800
"DEFIANCE OH","39039",3560
"DELAWARE OH","39041",12650
"ERIE OH","39043",7190
"FAIRFIELD OH","39045",11510
"FAYETTE OH","39047",2570
"FRANKLIN OH","39049",99160
"FULTON OH","39051",3800
"GALLIA OH","39053",2700
"GEAUGA OH","39055",8410
"GREENE OH","39057",13470
"GUERNSEY OH","39059",3620
"HAMILTON OH","39061",74870
"HANCOCK OH","39063",6450
"HARDIN OH","39065",2840
"HARRISON OH","39067",1380
"HENRY OH","39069",2610
"HIGHLAND OH","39071",3610
"HOCKING OH","39073",2450
"HOLMES OH","39075",3390
"HURON OH","39077",5310
"JACKSON OH","39079",3000
"JEFFERSON OH","39081",6470
"KNOX OH","39083",5030
"LAKE OH","39085",20450
"LAWRENCE OH","39087",5490
"LICKING OH","39089",13690
"LOGAN OH","39091",4240
"LORAIN OH","39093",26190
"LUCAS OH","39095",40550
"MADISON OH","39097",3670
"MAHONING OH","39099",22990
"MARION OH","39101",5880
"MEDINA OH","39103",14640
"MEIGS OH","39105",2010
"MERCER OH","39107",3670
"MIAMI OH","39109",8840
"MONROE OH","39111",1320
"MONTGOMERY OH","39113",49670
"MORGAN OH","39115",1290
"MORROW OH","39117",2800
"MUSKINGUM OH","39119",7410
"NOBLE OH","39121",1250
"OTTAWA OH","39123",3800
"PAULDING OH","39125",1860
"PERRY OH","39127",2990
"PICKAWAY OH","39129",4780
"PIKE OH","39131",2440
"PORTAGE OH","39133",13930
"PREBLE OH","39135",3840
"PUTNAM OH","39137",3100
"RICHLAND OH","39139",11570
"ROSS OH","39141",6420
"SANDUSKY OH","39143",5510
"SCIOTO OH","39145",6870
"SENECA OH","39147",5280
"SHELBY OH","39149",4350
"STARK OH","39151",34020
"SUMMIT OH","39153",49220
"TRUMBULL OH","39155",19930
"TUSCARAWAS OH","39157",8040
"UNION OH","39159",4000
"VAN WERT OH","39161",2660
"VINTON OH","39163",1110
"WARREN OH","39165",16300
"WASHINGTON OH","39167",5510
"WAYNE OH","39169",10120
"WILLIAMS OH","39171",3550
"WOOD OH","39173",11050
"WYANDOT OH","39175",2050
"ADAIR OK","40001",930
"ALFALFA OK","40003",270
"ATOKA OK","40005",610
"BEAVER OK","40007",260
"BECKHAM OK","40009",920
"BLAINE OK","40011",530
"BRYAN OK","40013",1620
"CADDO OK","40015",1340
"CANADIAN OK","40017",4060
"CARTER OK","40019",2080
"CHEROKEE OK","40021",1910
"CHOCTAW OK","40023",680
"CIMARRON OK","40025",140
"CLEVELAND OK","40027",9810
"COAL OK","40029",260
"COMANCHE OK","40031",5150
"COTTON OK","40033",290
"CRAIG OK","40035",660
"CREEK OK","40037",3020
"CUSTER OK","40039",1180
"DELAWARE OK","40041",1730
"DEWEY OK","40043",210
"ELLIS OK","40045",180
"GARFIELD OK","40047",2580
"GARVIN OK","40049",1200
"GRADY OK","40051",2050
"GRANT OK","40053",230
"GREER OK","40055",270
"HARMON OK","40057",140
"HARPER OK","40059",160
"HASKELL OK","40061",520
"HUGHES OK","40063",630
"JACKSON OK","40065",1260
"JEFFERSON OK","40067",300
"JOHNSTON OK","40069",470
"KAY OK","40071",2150
"KINGFISHER OK","40073",630
"KIOWA OK","40075",450
"LATIMER OK","40077",470
"LE FLORE OK","40079",2150
"LINCOLN OK","40081",1430
"LOGAN OK","40083",1500
"LOVE OK","40085",390
"MCCLAIN OK","40087",1320
"MCCURTAIN OK","40089",1530
"MCINTOSH OK","40091",880
"MAJOR OK","40093",330
"MARSHALL OK","40095",580
"MAYES OK","40097",1710
"MURRAY OK","40099",570
"MUSKOGEE OK","40101",3110
"NOBLE OK","40103",510
"NOWATA OK","40105",470
"OKFUSKEE OK","40107",520
"OKLAHOMA OK","40109",31830
"OKMULGEE OK","40111",1770
"OSAGE OK","40113",1990
"OTTAWA OK","40115",1460
"PAWNEE OK","40117",730
"PAYNE OK","40119",3130
"PITTSBURG OK","40121",1960
"PONTOTOC OK","40123",1560
"POTTAWATOMIE OK","40125",2960
"PUSHMATAHA OK","40127",510
"ROGER MILLS OK","40129",150
"ROGERS OK","40131",3490
"SEMINOLE OK","40133",1100
"SEQUOYAH OK","40135",1760
"STEPHENS OK","40137",1930
"TEXAS OK","40139",910
"TILLMAN OK","40141",410
"TULSA OK","40143",26930
"WAGONER OK","40145",2890
"WASHINGTON OK","40147",2180
"WASHITA OK","40149",500
"WOODS OK","40151",400
"WOODWARD OK","40153",810
"BAKER OR","41001",1340
"BENTON OR","41003",6280
"CLACKAMAS OR","41005",27580
"CLATSOP OR","41007",2880
"COLUMBIA OR","41009",3550
"COOS OR","41011",4980
"CROOK OR","41013",1600
"CURRY OR","41015",1710
"DESCHUTES OR","41017",9940
"DOUGLAS OR","41019",8080
"GILLIAM OR","41021",150
"GRANT OR","41023",630
"HARNEY OR","41025",610
"HOOD RIVER OR","41027",1650
"JACKSON OR","41029",14840
"JEFFERSON OR","41031",1590
"JOSEPHINE OR","41033",6150
"KLAMATH OR","41035",5110
"LAKE OR","41037",590
"LANE OR","41039",26050
"LINCOLN OR","41041",3610
"LINN OR","41043",8330
"MALHEUR OR","41045",2520
"MARION OR","41047",23060
"MORROW OR","41049",870
"MULTNOMAH OR","41051",53000
"POLK OR","41053",5020
"SHERMAN OR","41055",150
"TILLAMOOK OR","41057",1990
"UMATILLA OR","41059",5630
"UNION OR","41061",1960
"WALLOWA OR","41063",570
"WASCO OR","41065",1890
"WASHINGTON OR","41067",36650
"WHEELER OR","41069",120
"YAMHILL OR","41071",6940
"ADAMS PA","42001",3720
"ALLEGHENY PA","42003",48900
"ARMSTRONG PA","42005",2760
"BEAVER PA","42007",7000
"BEDFORD PA","42009",1950
"BERKS PA","42011",14790
"BLAIR PA","42013",4930
"BRADFORD PA","42015",2420
"BUCKS PA","42017",23570
"BUTLER PA","42019",6960
"CAMBRIA PA","42021",5800
"CAMERON PA","42023",230
"CARBON PA","42025",2300
"CENTRE PA","42027",5360
"CHESTER PA","42029",17690
"CLARION PA","42031",1620
"CLEARFIELD PA","42033",3210
"CLINTON PA","42035",1480
"COLUMBIA PA","42037",2510
"CRAWFORD PA","42039",3490
"CUMBERLAND PA","42041",8460
"DAUPHIN PA","42043",9750
"DELAWARE PA","42045",21050
"ELK PA","42047",1360
"ERIE PA","42049",10790
"FAYETTE PA","42051",5700
"FOREST PA","42053",210
"FRANKLIN PA","42055",5150
"FULTON PA","42057",560
"GREENE PA","42059",1560
"HUNTINGDON PA","42061",1790
"INDIANA PA","42063",3440
"JEFFERSON PA","42065",1790
"JUNIATA PA","42067",880
"LACKAWANNA PA","42069",8170
"LANCASTER PA","42071",18480
"LAWRENCE PA","42073",3640
"LEBANON PA","42075",4750
"LEHIGH PA","42077",12280
"LUZERNE PA","42079",12210
"LYCOMING PA","42081",4630
"MCKEAN PA","42083",1760
"MERCER PA","42085",4660
"MIFFLIN PA","42087",1800
"MONROE PA","42089",5960
"MONTGOMERY PA","42091",29450
"MONTOUR PA","42093",710
"NORTHAMPTON PA","42095",10560
"NORTHUMBERLAND PA","42097",3610
"PERRY PA","42099",1710
"PHILADELPHIA PA","42101",56860
"PIKE PA","42103",1970
"POTTER PA","42105",730
"SCHUYLKILL PA","42107",5770
"SNYDER PA","42109",1460
"SOMERSET PA","42111",3100
"SULLIVAN PA","42113",260
"SUSQUEHANNA PA","42115",1640
"TIOGA PA","42117",1640
"UNION PA","42119",1610
"VENANGO PA","42121",2200
"WARREN PA","42123",1680
"WASHINGTON PA","42125",7990
"WAYNE PA","42127",1910
"WESTMORELAND PA","42129",14270
"WYOMING PA","42131",1100
"YORK PA","42133",15170
"BRISTOL RI","44001",2850
"KENT RI","44003",9470
"NEWPORT RI","44005",4870
"PROVIDENCE RI","44007",34860
"WASHINGTON RI","44009",7230
"ABBEVILLE SC","45001",7590
"AIKEN SC","45003",41700
"ALLENDALE SC","45005",3230
"ANDERSON SC","45007",48680
"BAMBERG SC","45009",4820
"BARNWELL SC","45011",6770
"BEAUFORT SC","45013",36830
"BERKELEY SC","45015",41620
"CALHOUN SC","45017",4450
"CHARLESTON SC","45019",92210
"CHEROKEE SC","45021",15280
"CHESTER SC","45023",9900
"CHESTERFIELD SC","45025",12550
"CLARENDON SC","45027",9470
"COLLETON SC","45029",11140
"DARLINGTON SC","45031",19580
"DILLON SC","45033",8890
"DORCHESTER SC","45035",28360
"EDGEFIELD SC","45037",7160
"FAIRFIELD SC","45039",6830
"FLORENCE SC","45041",36760
"GEORGETOWN SC","45043",16560
"GREENVILLE SC","45045",112120
"GREENWOOD SC","45047",19340
"HAMPTON SC","45049",6190
"HORRY SC","45051",59140
"JASPER SC","45053",6030
"KERSHAW SC","45055",15460
"LANCASTER SC","45057",18010
"LAURENS SC","45059",20340
"LEE SC","45061",5830
"LEXINGTON SC","45063",63510
"MCCORMICK SC","45065",2950
"MARION SC","45067",10270
"MARLBORO SC","45069",8330
"NEWBERRY SC","45071",10520
"OCONEE SC","45073",19510
"ORANGEBURG SC","45075",26590
"PICKENS SC","45077",32480
"RICHLAND SC","45079",94800
"SALUDA SC","45081",5570
"SPARTANBURG SC","45083",74530
"SUMTER SC","45085",30430
"UNION SC","45087",8660
"WILLIAMSBURG SC","45089",10780
"YORK SC","45091",49340
"AURORA SD","46003",680
"BEADLE SD","46005",3790
"BENNETT SD","46007",790
"BON HOMME SD","46009",1610
"BROOKINGS SD","46011",6320
"BROWN SD","46013",7910
"BRULE SD","46015",1200
"BUFFALO SD","46017",450
"BUTTE SD","46019",2020
"CAMPBELL SD","46021",390
"CHARLES MIX SD","46023",2070
"CLARK SD","46025",920
"CLAY SD","46027",3040
"CODINGTON SD","46029",5830
"CORSON SD","46031",920
"CUSTER SD","46033",1680
"DAVISON SD","46035",4200
"DAY SD","46037",1410
"DEUEL SD","46039",1020
"DEWEY SD","46041",1330
"DOUGLAS SD","46043",770
"EDMUNDS SD","46045",970
"FALL RIVER SD","46047",1650
"FAULK SD","46049",590
"GRANT SD","46051",1750
"GREGORY SD","46053",1060
"HAAKON SD","46055",490
"HAMLIN SD","46057",1250
"HAND SD","46059",830
"HANSON SD","46061",690
"HARDING SD","46063",300
"HUGHES SD","46065",3690
"HUTCHINSON SD","46067",1800
"HYDE SD","46069",370
"JACKSON SD","46071",650
"JERAULD SD","46073",510
"JONES SD","46075",270
"KINGSBURY SD","46077",1300
"LAKE SD","46079",2560
"LAWRENCE SD","46081",4940
"LINCOLN SD","46083",5500
"LYMAN SD","46085",870
"MCCOOK SD","46087",1330
"MCPHERSON SD","46089",640
"MARSHALL SD","46091",1030
"MEADE SD","46093",5460
"MELLETTE SD","46095",460
"MINER SD","46097",640
"MINNEHAHA SD","46099",34440
"MOODY SD","46101",1460
"PENNINGTON SD","46103",20000
"PERKINS SD","46105",740
"POTTER SD","46107",600
"ROBERTS SD","46109",2250
"SANBORN SD","46111",600
"SHANNON SD","46113",2760
"SPINK SD","46115",1650
"STANLEY SD","46117",630
"SULLY SD","46119",350
"TODD SD","46121",2000
"TRIPP SD","46123",1430
"TURNER SD","46125",1980
"UNION SD","46127",2850
"WALWORTH SD","46129",1320
"YANKTON SD","46135",4840
"ZIEBACH SD","46137",560
"ANDERSON TN","47001",9570
"BEDFORD TN","47003",5000
"BENTON TN","47005",2180
"BLEDSOE TN","47007",1630
"BLOUNT TN","47009",14060
"BRADLEY TN","47011",11980
"CAMPBELL TN","47013",5280
"CANNON TN","47015",1690
"CARROLL TN","47017",3890
"CARTER TN","47019",7480
"CHEATHAM TN","47021",4880
"CHESTER TN","47023",2100
"CLAIBORNE TN","47025",4150
"CLAY TN","47027",1050
"COCKE TN","47029",4420
"COFFEE TN","47031",6420
"CROCKETT TN","47033",1920
"CUMBERLAND TN","47035",6220
"DAVIDSON TN","47037",77280
"DEKALB TN","47039",1550
"DECATUR TN","47041",2300
"DICKSON TN","47043",5940
"DYER TN","47045",5070
"FAYETTE TN","47047",3930
"FENTRESS TN","47049",2190
"FRANKLIN TN","47051",5410
"GIBSON TN","47053",6470
"GILES TN","47055",3920
"GRAINGER TN","47057",2720
"GREENE TN","47059",8520
"GRUNDY TN","47061",1890
"HAMBLEN TN","47063",7870
"HAMILTON TN","47065",41640
"HANCOCK TN","47067",900
"HARDEMAN TN","47069",3780
"HARDIN TN","47071",3370
"HAWKINS TN","47073",7160
"HAYWOOD TN","47075",2640
"HENDERSON TN","47077",3380
"HENRY TN","47079",4110
"HICKMAN TN","47081",2930
"HOUSTON TN","47083",1070
"HUMPHREYS TN","47085",2380
"JACKSON TN","47087",1440
"JEFFERSON TN","47089",6100
"JOHNSON TN","47091",2340
"KNOX TN","47093",52430
"LAKE TN","47095",1050
"LAUDERDALE TN","47097",3650
"LAWRENCE TN","47099",5260
"LEWIS TN","47101",1500
"LINCOLN TN","47103",4130
"LOUDON TN","47105",5310
"MCMINN TN","47107",6500
"MCNAIRY TN","47109",3260
"MACON TN","47111",2690
"MADISON TN","47113",12610
"MARION TN","47115",3860
"MARSHALL TN","47117",3650
"MAURY TN","47119",9810
"MEIGS TN","47121",1460
"MONROE TN","47123",5250
"MONTGOMERY TN","47125",18690
"MOORE TN","47127",820
"MORGAN TN","47129",2600
"OBION TN","47131",4340
"OVERTON TN","47133",2650
"PERRY TN","47135",1000
"PICKETT TN","47137",650
"POLK TN","47139",2110
"PUTNAM TN","47141",8320
"RHEA TN","47143",3840
"ROANE TN","47145",6860
"ROBERTSON TN","47147",7690
"RUTHERFORD TN","47149",26420
"SCOTT TN","47151",2780
"SEQUATCHIE TN","47153",1520
"SEVIER TN","47155",9630
"SHELBY TN","47157",122150
"SMITH TN","47159",2380
"STEWART TN","47161",1630
"SULLIVAN TN","47163",20530
"SUMNER TN","47165",17920
"TIPTON TN","47167",7170
"TROUSDALE TN","47169",970
"UNICOI TN","47171",2330
"UNION TN","47173",2430
"VAN BUREN TN","47175",720
"WARREN TN","47177",5090
"WASHINGTON TN","47179",14370
"WAYNE TN","47181",2220
"WEAKLEY TN","47183",4670
"WHITE TN","47185",3060
"WILLIAMSON TN","47187",17720
"WILSON TN","47189",12370
"ANDERSON TX","48001",5110
"ANDREWS TX","48003",1220
"ANGELINA TX","48005",7490
"ARANSAS TX","48007",2190
"ARCHER TX","48009",820
"ARMSTRONG TX","48011",200
"ATASCOSA TX","48013",3610
"AUSTIN TX","48015",2270
"BAILEY TX","48017",610
"BANDERA TX","48019",1630
"BASTROP TX","48021",5440
"BAYLOR TX","48023",380
"BEE TX","48025",2980
"BELL TX","48027",23200
"BEXAR TX","48029",134860
"BLANCO TX","48031",790
"BORDEN TX","48033",70
"BOSQUE TX","48035",1590
"BOWIE TX","48037",8350
"BRAZORIA TX","48039",23980
"BRAZOS TX","48041",14870
"BREWSTER TX","48043",830
"BRISCOE TX","48045",160
"BROOKS TX","48047",740
"BROWN TX","48049",3490
"BURLESON TX","48051",1520
"BURNET TX","48053",3520
"CALDWELL TX","48055",3010
"CALHOUN TX","48057",1960
"CALLAHAN TX","48059",1190
"CAMERON TX","48061",33360
"CAMP TX","48063",1070
"CARSON TX","48065",600
"CASS TX","48067",2810
"CASTRO TX","48069",760
"CHAMBERS TX","48071",2670
"CHEROKEE TX","48073",4330
"CHILDRESS TX","48075",710
"CLAY TX","48077",1020
"COCHRAN TX","48079",340
"COKE TX","48081",360
"COLEMAN TX","48083",850
"COLLIN TX","48085",53890
"COLLINGSWORTH TX","48087",300
"COLORADO TX","48089",1890
"COMAL TX","48091",8130
"COMANCHE TX","48093",1290
"CONCHO TX","48095",360
"COOKE TX","48097",3380
"CORYELL TX","48099",6970
"COTTLE TX","48101",180
"CRANE TX","48103",370
"CROCKETT TX","48105",380
"CROSBY TX","48107",650
"CULBERSON TX","48109",270
"DALLAM TX","48111",600
"DALLAS TX","48113",213420
"DAWSON TX","48115",1380
"DEWITT TX","48117",1850
"DEAF SMITH TX","48119",1710
"DELTA TX","48121",490
"DENTON TX","48123",44630
"DICKENS TX","48125",250
"DIMMIT TX","48127",940
"DONLEY TX","48129",350
"DUVAL TX","48131",1210
"EASTLAND TX","48133",1680
"ECTOR TX","48135",11280
"EDWARDS TX","48137",200
"EL PASO TX","48139",65180
"ELLIS TX","48141",10930
"ERATH TX","48143",3060
"FALLS TX","48145",1720
"FANNIN TX","48147",2910
"FAYETTE TX","48149",2020
"FISHER TX","48151",400
"FLOYD TX","48153",720
"FOARD TX","48155",150
"FORT BEND TX","48157",33630
"FRANKLIN TX","48159",870
"FREESTONE TX","48161",1670
"FRIO TX","48163",1510
"GAINES TX","48165",1330
"GALVESTON TX","48167",25200
"GARZA TX","48169",450
"GILLESPIE TX","48171",1970
"GLASSCOCK TX","48173",130
"GOLIAD TX","48175",640
"GONZALES TX","48177",1720
"GRAY TX","48179",2090
"GRAYSON TX","48181",10340
"GREGG TX","48183",10390
"GRIMES TX","48185",2180
"GUADALUPE TX","48187",8610
"HALE TX","48189",3420
"HALL TX","48191",350
"HAMILTON TX","48193",760
"HANSFORD TX","48195",500
"HARDEMAN TX","48197",430
"HARDIN TX","48199",4440
"HARRIS TX","48201",330880
"HARRISON TX","48203",5740
"HARTLEY TX","48205",510
"HASKELL TX","48207",560
"HAYS TX","48209",9910
"HEMPHILL TX","48211",310
"HENDERSON TX","48213",6840
"HIDALGO TX","48215",57020
"HILL TX","48217",2990
"HOCKLEY TX","48219",2100
"HOOD TX","48221",3810
"HOPKINS TX","48223",2970
"HOUSTON TX","48225",2140
"HOWARD TX","48227",3110
"HUDSPETH TX","48229",310
"HUNT TX","48231",7100
"HUTCHINSON TX","48233",2200
"IRION TX","48235",160
"JACK TX","48237",810
"JACKSON TX","48239",1350
"JASPER TX","48241",3280
"JEFF DAVIS TX","48243",200
"JEFFERSON TX","48245",23730
"JIM HOGG TX","48247",490
"JIM WELLS TX","48249",3640
"JOHNSON TX","48251",12240
"JONES TX","48253",1910
"KARNES TX","48255",1420
"KAUFMAN TX","48257",6780
"KENDALL TX","48259",2430
"KENEDY TX","48261",40
"KENT TX","48263",80
"KERR TX","48265",4110
"KIMBLE TX","48267",410
"KING TX","48269",30
"KINNEY TX","48271",310
"KLEBERG TX","48273",2910
"KNOX TX","48275",390
"LA SALLE TX","48277",540
"LAMAR TX","48279",4550
"LAMB TX","48281",1360
"LAMPASAS TX","48283",1650
"LAVACA TX","48285",1780
"LEE TX","48287",1450
"LEON TX","48289",1410
"LIBERTY TX","48291",6640
"LIMESTONE TX","48293",2040
"LIPSCOMB TX","48295",280
"LIVE OAK TX","48297",1140
"LLANO TX","48299",1590
"LOVING TX","48301",10
"LUBBOCK TX","48303",23070
"LYNN TX","48305",610
"MCCULLOCH TX","48307",760
"MCLENNAN TX","48309",20150
"MCMULLEN TX","48311",80
"MADISON TX","48313",1200
"MARION TX","48315",1010
"MARTIN TX","48317",440
"MASON TX","48319",350
"MATAGORDA TX","48321",3580
"MAVERICK TX","48323",4490
"MEDINA TX","48325",3650
"MENARD TX","48327",220
"MIDLAND TX","48329",10810
"MILAM TX","48331",2240
"MILLS TX","48333",470
"MITCHELL TX","48335",890
"MONTAGUE TX","48337",1770
"MONTGOMERY TX","48339",30660
"MOORE TX","48341",1860
"MORRIS TX","48343",1200
"MOTLEY TX","48345",130
"NACOGDOCHES TX","48347",5500
"NAVARRO TX","48349",4180
"NEWTON TX","48351",1390
"NOLAN TX","48353",1460
"NUECES TX","48355",29570
"OCHILTREE TX","48357",830
"OLDHAM TX","48359",200
"ORANGE TX","48361",7970
"PALO PINTO TX","48363",2490
"PANOLA TX","48365",2100
"PARKER TX","48367",8390
"PARMER TX","48369",930
"PECOS TX","48371",1550
"POLK TX","48373",3820
"POTTER TX","48375",10910
"PRESIDIO TX","48377",730
"RAINS TX","48379",850
"RANDALL TX","48381",9630
"REAGAN TX","48383",310
"REAL TX","48385",310
"RED RIVER TX","48387",1320
"REEVES TX","48389",1210
"REFUGIO TX","48391",720
"ROBERTS TX","48393",80
"ROBERTSON TX","48395",1480
"ROCKWALL TX","48397",4810
"RUNNELS TX","48399",1060
"RUSK TX","48401",4370
"SABINE TX","48403",960
"SAN AUGUSTINE TX","48405",820
"SAN JACINTO TX","48407",2060
"SAN PATRICIO TX","48409",6460
"SAN SABA TX","48411",590
"SCHLEICHER TX","48413",270
"SCURRY TX","48415",1510
"SHACKELFORD TX","48417",300
"SHELBY TX","48419",2320
"SHERMAN TX","48421",310
"SMITH TX","48423",16510
"SOMERVELL TX","48425",640
"STARR TX","48427",4930
"STEPHENS TX","48429",890
"STERLING TX","48431",130
"STONEWALL TX","48433",160
"SUTTON TX","48435",380
"SWISHER TX","48437",770
"TARRANT TX","48439",142110
"TAYLOR TX","48441",11850
"TERRELL TX","48443",100
"TERRY TX","48445",1180
"THROCKMORTON TX","48447",170
"TITUS TX","48449",2610
"TOM GREEN TX","48451",9780
"TRAVIS TX","48453",83210
"TRINITY TX","48455",1270
"TYLER TX","48457",1920
"UPSHUR TX","48459",3260
"UPTON TX","48461",310
"UVALDE TX","48463",2410
"VAL VERDE TX","48465",4230
"VAN ZANDT TX","48467",4460
"VICTORIA TX","48469",7890
"WALKER TX","48471",5730
"WALLER TX","48473",3100
"WARD TX","48475",1010
"WASHINGTON TX","48477",2820
"WEBB TX","48479",19160
"WHARTON TX","48481",3850
"WHEELER TX","48483",490
"WICHITA TX","48485",12300
"WILBARGER TX","48487",1350
"WILLACY TX","48489",1890
"WILLIAMSON TX","48491",27420
"WILSON TX","48493",2990
"WINKLER TX","48495",660
"WISE TX","48497",4560
"WOOD TX","48499",3390
"YOAKUM TX","48501",670
"YOUNG TX","48503",1660
"ZAPATA TX","48505",1120
"ZAVALA TX","48507",1070
"BEAVER UT","49001",660
"BOX ELDER UT","49003",4700
"CACHE UT","49005",10060
"CARBON UT","49007",2220
"DAGGETT UT","49009",100
"DAVIS UT","49011",26440
"DUCHESNE UT","49013",1610
"EMERY UT","49015",1190
"GARFIELD UT","49017",540
"GRAND UT","49019",950
"IRON UT","49021",3780
"JUAB UT","49023",920
"KANE UT","49025",690
"MILLARD UT","49027",1360
"MORGAN UT","49029",790
"PIUTE UT","49031",160
"RICH UT","49033",250
"SALT LAKE UT","49035",98260
"SAN JUAN UT","49037",1570
"SANPETE UT","49039",2490
"SEVIER UT","49041",2070
"SUMMIT UT","49043",3380
"TOOELE UT","49045",4720
"UINTAH UT","49047",2760
"UTAH UT","49049",41060
"WASATCH UT","49051",1770
"WASHINGTON UT","49053",10310
"WAYNE UT","49055",270
"WEBER UT","49057",21790
"ADDISON VT","50001",1650
"BENNINGTON VT","50003",1700
"CALEDONIA VT","50005",1340
"CHITTENDEN VT","50007",6650
"ESSEX VT","50009",290
"FRANKLIN VT","50011",2070
"GRAND ISLE VT","50013",320
"LAMOILLE VT","50015",1060
"ORANGE VT","50017",1250
"ORLEANS VT","50019",1180
"RUTLAND VT","50021",2810
"WASHINGTON VT","50023",2620
"WINDHAM VT","50025",2000
"WINDSOR VT","50027",2590
"ACCOMACK VA","51001",3430
"ALBEMARLE VA","51003",13080
"ALLEGHANY VA","51005",1690
"AMELIA VA","51007",1050
"AMHERST VA","51009",3420
"APPOMATTOX VA","51011",1240
"ARLINGTON VA","51013",28350
"AUGUSTA VA","51015",8220
"BATH VA","51017",480
"BEDFORD VA","51019",6570
"BLAND VA","51021",640
"BOTETOURT VA","51023",3430
"BRUNSWICK VA","51025",1640
"BUCHANAN VA","51027",2350
"BUCKINGHAM VA","51029",1400
"CAMPBELL VA","51031",4590
"CAROLINE VA","51033",2000
"CARROLL VA","51035",2660
"CHARLES CITY VA","51036",640
"CHARLOTTE VA","51037",1160
"CHESTERFIELD VA","51041",27720
"CLARKE VA","51043",1190
"CRAIG VA","51045",480
"CULPEPER VA","51047",3240
"CUMBERLAND VA","51049",810
"DICKENSON VA","51051",1440
"DINWIDDIE VA","51053",5180
"ESSEX VA","51057",900
"FAIRFAX VA","51059",90890
"FAUQUIER VA","51061",5250
"FLOYD VA","51063",1290
"FLUVANNA VA","51065",2030
"FRANKLIN VA","51067",4440
"FREDERICK VA","51069",7710
"GILES VA","51071",1490
"GLOUCESTER VA","51073",3170
"GOOCHLAND VA","51075",1660
"GRAYSON VA","51077",1660
"GREENE VA","51079",1500
"GREENSVILLE VA","51081",1550
"HALIFAX VA","51083",3300
"HANOVER VA","51085",8290
"HENRICO VA","51087",41430
"HENRY VA","51089",6430
"HIGHLAND VA","51091",240
"ISLE OF WIGHT VA","51093",27140
"JAMES CITY VA","51095",17920
"KING AND QUEEN VA","51097",600
"KING GEORGE VA","51099",1570
"KING WILLIAM VA","51101",1240
"LANCASTER VA","51103",1080
"LEE VA","51105",2100
"LOUDOUN VA","51107",19570
"LOUISA VA","51109",2450
"LUNENBURG VA","51111",1150
"MADISON VA","51113",1180
"MATHEWS VA","51115",16810
"MECKLENBURG VA","51117",2930
"MIDDLESEX VA","51119",920
"MONTGOMERY VA","51121",8890
"NELSON VA","51125",1350
"NEW KENT VA","51127",1310
"NORTHAMPTON VA","51131",1200
"NORTHUMBERLAND VA","51133",1170
"NOTTOWAY VA","51135",1410
"ORANGE VA","51137",2440
"PAGE VA","51139",2080
"PATRICK VA","51141",1760
"PITTSYLVANIA VA","51143",15670
"POWHATAN VA","51145",2170
"PRINCE EDWARD VA","51147",1760
"PRINCE GEORGE VA","51149",3020
"PRINCE WILLIAM VA","51153",32140
"PULASKI VA","51155",3170
"RAPPAHANNOCK VA","51157",640
"RICHMOND VA","51159",790
"ROANOKE VA","51161",18500
"ROCKBRIDGE VA","51163",1990
"ROCKINGHAM VA","51165",9890
"RUSSELL VA","51167",2680
"SCOTT VA","51169",2090
"SHENANDOAH VA","51171",3260
"SMYTH VA","51173",2930
"SOUTHAMPTON VA","51175",2130
"SPOTSYLVANIA VA","51177",10830
"STAFFORD VA","51179",9160
"SURRY VA","51181",640
"SUSSEX VA","51183",1090
"TAZEWELL VA","51185",3940
"WARREN VA","51187",2910
"WASHINGTON VA","51191",1880
"WESTMORELAND VA","51193",1500
"WISE VA","51195",3860
"WYTHE VA","51197",3090
"YORK VA","51199",75100
"CHESAPEAKE VA","51550",0
"SUFFOLK VA","51800",0
"VIRGINIA BEACH VA","51810",0
"ADAMS WA","53001",1460
"ASOTIN WA","53003",1830
"BENTON WA","53005",12830
"CHELAN WA","53007",5970
"CLALLAM WA","53009",5830
"CLARK WA","53011",31550
"COLUMBIA WA","53013",360
"COWLITZ WA","53015",8350
"DOUGLAS WA","53017",2920
"FERRY WA","53019",650
"FRANKLIN WA","53021",4460
"GARFIELD WA","53023",210
"GRANT WA","53025",6660
"GRAYS HARBOR WA","53027",5990
"ISLAND WA","53029",6520
"JEFFERSON WA","53031",2390
"KING WA","53033",155630
"KITSAP WA","53035",20870
"KITTITAS WA","53037",3040
"KLICKITAT WA","53039",1720
"LEWIS WA","53041",6110
"LINCOLN WA","53043",910
"MASON WA","53045",4500
"OKANOGAN WA","53047",3560
"PACIFIC WA","53049",1870
"PEND OREILLE WA","53051",1060
"PIERCE WA","53053",63350
"SAN JUAN WA","53055",1390
"SKAGIT WA","53057",9310
"SKAMANIA WA","53059",880
"SNOHOMISH WA","53061",55210
"SPOKANE WA","53063",37430
"STEVENS WA","53065",3580
"THURSTON WA","53067",18740
"WAHKIAKUM WA","53069",340
"WALLA WALLA WA","53071",4930
"WHATCOM WA","53073",15190
"WHITMAN WA","53075",3640
"YAKIMA WA","53077",19740
"BARBOUR WV","54001",2500
"BERKELEY WV","54003",12830
"BOONE WV","54005",4110
"BRAXTON WV","54007",2360
"BROOKE WV","54009",4090
"CABELL WV","54011",15550
"CALHOUN WV","54013",1210
"CLAY WV","54015",1680
"DODDRIDGE WV","54017",1190
"FAYETTE WV","54019",7700
"GILMER WV","54021",1150
"GRANT WV","54023",1840
"GREENBRIER WV","54025",5610
"HAMPSHIRE WV","54027",3330
"HANCOCK WV","54029",5250
"HARDY WV","54031",2120
"HARRISON WV","54033",11120
"JACKSON WV","54035",4530
"JEFFERSON WV","54037",7160
"KANAWHA WV","54039",32130
"LEWIS WV","54041",2710
"LINCOLN WV","54043",3570
"LOGAN WV","54045",6040
"MCDOWELL WV","54047",9090
"MARION WV","54049",5700
"MARSHALL WV","54051",4170
"MASON WV","54053",4390
"MERCER WV","54055",10110
"MINERAL WV","54057",4600
"MINGO WV","54059",4530
"MONONGALIA WV","54061",13150
"MONROE WV","54063",2340
"MORGAN WV","54065",2530
"NICHOLAS WV","54067",4260
"OHIO WV","54069",7610
"PENDLETON WV","54071",1360
"PLEASANTS WV","54073",1210
"POCAHONTAS WV","54075",1460
"PRESTON WV","54077",4700
"PUTNAM WV","54079",8480
"RALEIGH WV","54081",12770
"RANDOLPH WV","54083",4550
"RITCHIE WV","54085",1660
"ROANE WV","54087",2470
"SUMMERS WV","54089",2100
"TAYLOR WV","54091",2580
"TUCKER WV","54093",1180
"TYLER WV","54095",1540
"UPSHUR WV","54097",3810
"WAYNE WV","54099",6920
"WEBSTER WV","54101",1560
"WETZEL WV","54103",2840
"WIRT WV","54105",940
"WOOD WV","54107",14260
"WYOMING WV","54109",4120
"ADAMS WI","55001",1780
"ASHLAND WI","55003",1430
"BARRON WI","55005",3990
"BAYFIELD WI","55007",1380
"BROWN WI","55009",19990
"BUFFALO WI","55011",1210
"BURNETT WI","55013",1520
"CALUMET WI","55015",3700
"CHIPPEWA WI","55017",4970
"CLARK WI","55019",2880
"COLUMBIA WI","55021",4660
"CRAWFORD WI","55023",1470
"DANE WI","55025",37850
"DODGE WI","55027",7430
"DOOR WI","55029",2680
"DOUGLAS WI","55031",3800
"DUNN WI","55033",3540
"EAU CLAIRE WI","55035",8220
"FLORENCE WI","55037",420
"FOND DU LAC WI","55039",8400
"FOREST WI","55041",920
"GRANT WI","55043",4240
"GREEN WI","55045",2960
"GREEN LAKE WI","55047",1650
"IOWA WI","55049",2040
"IRON WI","55051",640
"JACKSON WI","55053",1660
"JEFFERSON WI","55055",6570
"JUNEAU WI","55057",2160
"KENOSHA WI","55059",13100
"KEWAUNEE WI","55061",1790
"LA CROSSE WI","55063",9290
"LAFAYETTE WI","55065",1390
"LANGLADE WI","55067",1860
"LINCOLN WI","55069",2660
"MANITOWOC WI","55071",7240
"MARATHON WI","55073",11090
"MARINETTE WI","55075",3820
"MARQUETTE WI","55077",1430
"MENOMINEE WI","55078",400
"MILWAUKEE WI","55079",78600
"MONROE WI","55081",3570
"OCONTO WI","55083",3390
"ONEIDA WI","55085",3420
"OUTAGAMIE WI","55087",14380
"OZAUKEE WI","55089",7200
"PEPIN WI","55091",640
"PIERCE WI","55093",3330
"POLK WI","55095",3810
"PORTAGE WI","55097",5900
"PRICE WI","55099",1480
"RACINE WI","55101",16220
"RICHLAND WI","55103",1580
"ROCK WI","55105",13200
"RUSK WI","55107",1380
"ST. CROIX WI","55109",6050
"SAUK WI","55111",5020
"SAWYER WI","55113",1610
"SHAWANO WI","55115",3560
"SHEBOYGAN WI","55117",9760
"TAYLOR WI","55119",1680
"TREMPEALEAU WI","55121",2370
"VERNON WI","55123",2410
"VILAS WI","55125",2060
"WALWORTH WI","55127",8520
"WASHBURN WI","55129",1560
"WASHINGTON WI","55131",10430
"WAUKESHA WI","55133",31820
"WAUPACA WI","55135",4490
"WAUSHARA WI","55137",2150
"WINNEBAGO WI","55139",13580
"WOOD WI","55141",6520
"ALBANY WY","56001",1970
"BIG HORN WY","56003",690
"CAMPBELL WY","56005",2050
"CARBON WY","56007",950
"CONVERSE WY","56009",730
"CROOK WY","56011",360
"FREMONT WY","56013",2170
"GOSHEN WY","56015",750
"HOT SPRINGS WY","56017",300
"JOHNSON WY","56019",430
"LARAMIE WY","56021",5010
"LINCOLN WY","56023",940
"NATRONA WY","56025",4050
"NIOBRARA WY","56027",140
"PARK WY","56029",1610
"PLATTE WY","56031",530
"SHERIDAN WY","56033",1640
"SUBLETTE WY","56035",380
"SWEETWATER WY","56037",2280
"TETON WY","56039",1210
"UINTA WY","56041",1220
"WASHAKIE WY","56043",500
"WESTON WY","56045",400
